x,y,scale,laplacian
89.38184219,12.49318933,1.993673173,1
39.91154031,13.0650934,1.755120829,1
166.2375554,13.52754106,2.157781844,1
127.4399106,16.15807826,1.890579341,1
560.442278,15.48086904,1.963632019,1
44.82694049,17.45653231,2.018079181,0
157.9350089,17.56785316,1.97812958,0
207.589166,18.03375962,1.720789916,1
269.3815482,17.7054529,2.064808608,1
552.2745443,17.57951673,1.891475362,1
580.5150844,18.02951965,1.815200971,0
593.3087445,18.08264997,2.084665435,0
583.2255775,19.86993888,2.050597805,0
984.6916671,19.32921176,2.082100483,0
157.6107076,22.76252839,2.175924799,0
449.9550458,21.54017601,1.807070382,0
540.137963,21.99996475,2.063436615,1
615.7577959,21.92080369,2.154561462,1
972.5774477,21.90999821,2.212658553,0
52.36435282,23.0309202,1.862863567,1
530.8933048,23.47516514,1.932691596,1
557.1079523,24.23339967,2.065666718,0
207.9973627,25.69167344,1.860675927,1
519.7655323,26.50566156,2.084914176,1
56.74251775,28.10535427,1.881835648,0
269.8553254,27.60496499,2.070265219,1
823.8043506,27.98863479,2.160531896,0
921.9603448,27.85134754,2.097033398,0
906.2848844,30.2374641,1.834975347,0
157.732464,31.43677202,1.699786422,0
208.0785448,32.086978,2.159661054,1
225.7918885,33.84543744,2.140141472,0
415.2600344,33.22383339,2.059130384,0
918.2560213,33.72576992,1.757189762,1
195.9481341,38.15100742,2.011354541,1
249.41629,38.45055264,2.253793117,1
269.0643496,37.71793819,2.117615005,1
161.1961168,39.00113155,1.765064925,0
209.1206589,39.96501979,1.702729732,1
303.6324964,40.19087506,2.028492497,0
478.436016,39.87054844,2.059443114,1
618.2573811,40.06661412,2.005060057,1
89.73682514,42.3543815,1.760014602,1
202.4537836,42.21809452,1.894773424,0
470.2519095,41.79794981,1.889177198,1
135.1231892,43.91879318,1.827521819,0
771.2756097,44.08743067,2.041381302,1
247.3648555,45.17600323,1.695585892,0
390.7094014,45.49515666,1.748483321,1
576.2294254,45.27749317,1.930734946,1
730.0795009,46.14322301,2.112618139,0
917.8379459,46.43558043,2.076342898,1
69.58783238,48.33500307,2.044917992,1
160.3822762,47.14907265,1.944037449,0
209.8519347,47.74478005,1.99847424,1
438.1241091,48.03121992,1.773327398,1
924.377214,47.51606972,2.120331501,0
521.1849373,49.05689685,2.048882178,1
537.7533531,50.12147815,2.25118145,0
180.1344239,52.39514619,2.093256699,1
267.0810268,52.71542788,1.954608901,0
419.2724531,52.22047464,1.860525347,1
346.3340295,54.33967611,1.913338567,0
819.5424602,54.56595283,2.129193249,1
438.3187749,55.87276038,1.823756744,0
479.5507284,55.13963524,1.837732184,0
168.6535663,57.74301906,1.74620432,1
709.6548849,57.81809905,2.069857024,1
161.8588311,61.55601926,1.92922944,0
494.0517693,64.37611038,2.33758491,0
229.8973197,65.6147519,1.920262352,1
932.1269905,65.94246361,1.929146502,1
19.76497024,68.01462908,2.179006075,1
75.28719576,68.37636575,1.914770073,0
199.6821456,68.20308111,1.724452001,1
368.2962909,68.05646751,2.257148793,0
925.8345914,67.6273617,1.968849773,0
82.39548948,73.21374192,1.912718488,1
137.5179753,74.29315198,1.780216063,0
360.4158481,74.68500803,2.083655637,1
398.2109124,74.73137777,1.984712274,1
703.9549416,74.08256944,2.125474111,0
196.6633596,75.31571726,2.037240396,0
306.3190391,76.16049187,2.066542479,0
349.5690807,76.06228336,2.111935349,1
370.2848208,76.34269877,2.181189311,0
712.4342943,78.23827907,2.017632558,1
936.5428736,78.15175519,2.00103368,0
22.4238269,80.83598827,1.81116343,0
237.3375248,79.75659398,2.173125759,1
334.8596045,80.26706307,2.063458522,1
385.4752455,79.93274996,1.99983657,1
687.3336591,79.28283245,2.090080072,0
487.5393516,81.9062294,2.115501925,0
695.8308136,82.03021134,2.039182729,1
223.6292421,83.48041112,2.25800138,1
337.4464583,90.36760217,1.786512885,1
51.52667957,91.11534628,2.105769036,0
121.463667,91.82877113,2.048838632,1
247.5144859,92.05124755,2.003810777,0
584.3714843,91.41173405,2.044318966,1
931.450008,91.78825604,1.98511191,1
280.8574858,94.73323878,2.041504365,0
522.5958563,93.60083454,1.933138194,1
66.88226683,96.0882577,1.935190523,1
884.2699707,95.89686417,1.729373299,0
911.0440446,96.67247691,2.06076288,1
39.64636311,99.59263696,1.958536018,0
97.85295503,99.49397237,1.839664044,1
18.57104505,101.3347044,1.959578302,1
641.9854522,103.3284064,2.082128213,0
79.42829841,105.403882,1.844335596,1
176.6275473,107.7449604,2.127261091,0
239.3187513,107.9077538,2.043008426,1
409.228602,107.2635818,1.969729338,1
578.1443782,107.947539,2.094991429,0
628.2840384,107.7300772,2.27314746,0
19.63427928,109.5910199,1.996445755,1
59.91061644,111.7393914,2.011325642,1
220.0574922,112.4467327,2.009717932,1
24.25473555,114.3281011,1.820115206,0
466.3821216,114.0442024,2.202858582,0
39.36993061,115.5606463,1.910358966,0
206.0849973,115.4602453,1.838161295,1
188.2852678,120.1345406,2.017417723,1
545.4955507,120.1029451,1.876412637,0
205.0861964,122.2463499,1.662133308,0
743.3554407,122.1821491,2.007526822,0
756.3704362,121.2590157,2.069653843,0
579.7644122,124.7223883,2.0298684,0
600.2029784,124.7849434,2.273196941,0
971.024417,124.4029791,2.060625051,0
638.4468655,127.9673729,1.990317526,1
96.31420273,132.7082174,1.773283999,1
198.3731768,131.6000515,1.911361962,1
647.4138908,131.4886986,1.99386356,0
223.6739738,134.428272,2.13418142,0
87.15390515,135.8607896,2.118527516,1
580.6416586,135.5587326,1.949431571,0
702.6681434,135.3239935,2.031940419,1
413.409606,137.8385687,1.833230281,1
115.6426191,140.4070039,2.213434851,0
105.4563351,142.4096431,1.79622427,0
217.6413868,142.0380297,1.874133015,1
960.2236782,142.5223073,2.125349943,1
136.4514436,144.1184594,1.85491749,1
608.6733667,145.5864228,2.124507139,1
21.95822038,147.8443557,2.111928982,1
217.8045436,150.3781907,2.113904567,1
225.8420368,149.6024369,2.342866707,0
240.3728281,150.6315223,2.127966362,0
820.5020236,151.7522126,2.071427414,1
389.1999129,154.3113402,2.018124971,1
960.0668319,153.9117392,1.655811471,1
413.8794739,156.578656,2.156829179,1
609.7444031,157.698952,2.173760902,1
871.5897896,158.7943032,2.218113301,0
41.45293079,160.6856637,1.946787252,1
58.28219901,159.6851021,1.981216023,1
617.5594497,160.3120406,2.277691146,0
954.2966185,159.5952108,2.291779736,0
141.3242183,161.9447384,2.187062767,1
844.5746089,162.3530729,2.150677506,0
943.8337571,161.776301,1.983280116,0
218.65941,164.9232436,1.972575248,1
226.7885297,164.6362696,2.108133054,0
248.4537922,165.8550864,1.856463628,1
514.4729841,168.0160053,1.956691071,0
813.0214818,167.7276112,2.361470045,0
114.894153,170.5293562,2.006097606,1
793.6372843,170.3227698,2.105147826,0
219.7673371,172.7488522,1.967783671,1
416.2899765,173.333002,2.17720945,1
478.8178268,174.2277721,2.348860031,0
474.5281625,176.0056987,1.754810877,0
873.7553804,175.2256221,2.201914589,1
179.8664653,179.8731683,1.789398386,1
194.071142,179.9339404,2.081366141,0
701.9506532,180.3199576,2.008213509,1
720.7609399,180.6970681,1.72334981,0
844.2468263,179.267159,2.170129466,1
129.9832274,184.3924355,2.084259824,1
804.8260557,183.8450961,1.860178766,1
433.4977449,185.9567458,2.125196842,0
698.4917338,187.4069786,2.13132208,0
882.1675632,187.2189368,1.961322056,1
405.972315,190.5557702,1.87368201,0
417.1327968,189.9045911,2.068399918,0
648.5323637,189.2530857,1.625515163,1
897.6156416,189.7036116,1.935581057,0
734.279235,192.3411089,1.962252184,0
811.3803722,192.6561957,1.997819609,0
434.2823588,195.5741769,2.081186179,1
734.3004144,195.2407228,2.069032472,0
520.8364329,198.9808565,2.172568286,0
882.4548238,198.1489174,1.683546353,1
809.9920168,201.5492962,2.260727724,0
589.6124913,204.3265663,2.044094526,0
192.0725963,206.0934186,1.766251624,1
867.5257714,206.121496,2.095428106,1
213.9462639,208.7736953,2.363902098,1
265.4015571,207.5381109,1.744478849,0
654.4071749,207.3819056,2.002900019,1
15.43365371,209.9747344,1.916780272,1
27.09425562,209.967517,2.30407763,1
55.42460939,209.4517437,2.191322066,1
66.61892537,209.7776164,2.036078161,1
117.6996544,209.223917,2.149363932,1
130.5887493,209.3541235,2.079545499,1
167.7766004,209.3172817,2.124969918,1
239.5993241,210.9098217,1.852986615,1
875.6431649,210.8186635,1.830699838,0
221.7521012,212.5749385,2.222987242,0
248.0941593,211.9615123,1.731164314,0
302.1713023,212.0576036,2.051211222,0
524.271651,211.6852585,2.356165884,0
631.5973087,211.5130319,2.075895727,1
746.6691711,212.1260393,1.96501566,0
827.806882,212.1569393,2.147152115,1
50.77117221,214.3658899,1.692383894,0
160.5874939,214.3939794,2.02241698,0
736.1274243,214.0308584,2.026220138,0
845.4965793,215.7655764,1.973530175,0
185.025402,218.2448394,2.022216615,1
273.3584624,217.6887592,1.884937689,0
784.792192,217.9172435,2.01663678,1
260.3127172,219.7736434,1.911306589,0
263.4294029,219.5163901,1.804129503,0
766.0747884,219.8960867,1.981149255,1
199.3686375,221.8780545,1.991856763,1
735.7192875,221.4139818,1.831878322,0
778.9438906,223.1639039,1.919898255,0
853.554815,224.201443,1.691235931,0
22.1901961,226.0094413,2.377188402,1
761.1187094,225.393108,1.791259138,0
237.8695573,228.5725043,2.047704981,1
649.8735658,227.6327192,2.149039319,0
44.2161311,230.1743597,1.812700028,0
617.6449131,230.0572019,1.889845488,0
786.028113,230.6137114,2.157054956,1
433.9729423,232.2454251,2.266839315,0
572.3703295,231.2850768,1.796396141,1
717.5572929,232.0895607,1.969490702,0
830.1715265,231.6108073,2.049080459,1
849.2260133,232.3872008,2.002987632,1
168.7805736,234.718828,2.148809584,1
656.6905854,234.0716472,2.18474419,1
886.5375781,234.3433931,1.988135874,1
33.06035987,235.9252391,2.007732122,1
688.1216414,235.1271779,1.71671015,0
806.1925556,236.0761897,1.762652999,0
853.9362677,236.5432247,2.088735873,0
453.491361,238.0058082,2.109064854,1
823.669877,237.4142933,2.030482174,0
592.2911974,239.2067496,1.855761571,0
662.0003648,239.4120204,1.923506028,0
777.6720208,240.574467,1.886727261,0
860.2956561,240.126251,2.084293888,1
627.1599001,242.5640428,2.168409904,0
691.7462025,241.897792,2.197552553,1
762.2363963,242.6479741,1.908025384,0
243.6295659,244.3064928,1.986619659,0
673.7297491,243.4029387,2.081853858,1
391.7063107,245.8729413,2.174246172,1
738.1024672,245.3611364,1.875543677,0
879.5909087,245.7299552,1.968147224,0
935.5887546,246.3236966,1.959152983,1
475.3829044,248.514925,2.03735339,0
749.7459678,248.1204314,2.284065242,0
864.0139165,248.1491168,2.038772512,0
345.7151472,249.5311488,2.005803942,1
514.1349997,250.1116295,1.827610174,0
651.9684499,250.5966573,1.829686779,0
770.685744,250.0303341,1.902485231,0
789.255903,249.471091,2.061314507,0
609.1893894,252.0208257,2.045426369,1
758.3081293,251.9983249,2.226734509,1
459.5389084,253.4736281,1.893477566,0
669.4905415,253.1781359,2.092880066,0
692.3598537,254.5046458,1.97903349,1
700.3592018,253.8571877,1.888570322,1
282.0232601,257.869658,2.016985906,0
314.4805767,257.8395719,2.178753188,0
674.1770193,258.0995953,1.782925543,1
751.5235069,260.8020009,2.162298384,0
928.2933355,259.8961964,1.715187377,1
549.9786556,262.0835168,2.004779208,1
764.1311601,262.7777927,2.05468908,0
432.3527368,264.1631019,2.078718402,1
594.7206392,264.3162412,2.01720896,0
740.2988653,263.869495,1.919110764,0
915.969515,263.9985142,2.135316104,1
569.7973234,266.8155982,2.036240542,0
605.7536845,265.192078,1.98696527,0
624.7539205,266.7523367,2.136768671,1
859.8899982,265.5343977,2.230544144,1
25.83419398,270.7372764,2.134689233,0
771.5452581,270.1037563,2.029422008,1
880.8846831,270.6028854,2.186594587,0
524.1401371,272.6232556,1.726527347,0
797.6614392,272.0949072,2.220896002,1
977.9645858,273.4044726,2.049579208,1
765.3206334,275.9827195,2.23885524,0
843.6110272,276.4850098,1.931748535,1
875.5979888,275.9097593,1.813465893,1
930.2231611,275.0944197,2.103756828,1
400.8137393,277.8151017,2.117575342,1
523.6251761,280.1869246,1.689734736,1
889.9323404,279.4523723,2.065362162,1
702.5212365,282.2707369,2.307342732,1
710.7372838,281.7654186,1.973206226,1
732.0975645,281.8325438,2.289594635,1
362.7909654,283.0958531,1.795963956,0
685.6112877,283.9861943,1.685445451,1
760.7194384,283.183134,2.141506233,1
839.8556984,284.6131909,1.801067623,0
442.1486796,285.9946337,2.020852181,0
659.5281228,286.6100769,1.912374564,1
858.0335697,286.8403927,1.832351674,1
980.3285641,285.2963678,2.280555462,1
164.1038412,288.1372457,2.107398161,1
602.4774406,287.7169337,2.038460267,1
742.4902227,288.2750701,1.840900313,0
697.968397,289.8490537,2.049668723,0
436.0809799,291.5313342,2.127325311,1
571.899259,292.0388737,1.913356042,0
588.0755313,292.7708012,1.941362658,1
671.7908715,292.5202555,1.964334296,0
197.9433588,293.429245,1.945842356,1
395.7078501,293.7544446,2.108520225,0
450.1004723,293.6461213,1.982365309,0
662.7244951,293.7531708,2.049278636,0
840.1955329,293.9733161,2.011465145,0
876.568232,294.7720415,2.046376921,1
551.24709,295.6965886,2.173017579,0
742.4396851,295.7826723,1.952890857,0
762.3706105,296.7350891,1.940160125,1
832.3060532,295.8753481,1.731569102,0
850.0345053,295.5931298,1.817702246,0
845.510346,298.3229867,1.750268743,1
874.4922782,298.5186956,1.939180688,1
651.6531763,300.4580592,2.076028035,1
781.5528268,299.6775236,2.096128796,0
892.3828304,299.758391,1.87478582,1
243.9386236,302.1598343,2.343816258,1
456.3164214,301.5303449,2.149348975,0
723.4922631,302.9661212,1.872023311,0
551.9444393,304.4297024,1.806000399,0
734.1189453,303.4867876,2.165311947,1
774.1923294,303.2309019,2.129522825,1
198.399513,306.1767679,2.055808405,1
785.660544,305.397379,2.048971559,1
397.156249,307.0483595,1.932630663,0
497.7683827,308.6303225,1.990422822,1
521.800335,308.0760714,2.104075471,1
673.1080735,308.7260391,2.021857715,0
755.6229165,308.0305504,1.933004314,0
76.70309583,311.8966226,2.123232161,1
338.2874966,311.0782542,1.971215016,1
647.8133791,312.1500949,2.178049275,0
744.1115026,311.404813,1.939712195,0
773.8848615,311.4142998,1.724594363,1
815.7627997,312.547196,2.06819727,1
357.1828149,314.1470062,2.141233067,1
453.9899116,314.0642713,2.043934075,1
553.4535667,313.8287414,2.000948513,0
541.7839199,315.8456955,2.041321514,0
709.8407476,315.802002,1.927979024,0
951.7786002,316.663791,2.02385323,0
184.2046422,318.0246801,2.390750232,0
397.9154866,317.9068098,2.187908283,0
406.3518653,318.1115646,1.90585072,1
613.7228393,317.4013976,2.097815799,0
811.6302975,318.3630426,2.035813959,0
665.4210601,319.7575962,1.977081518,0
725.5330847,319.9544855,1.797611539,0
84.31660059,321.6814423,1.747012255,0
466.5054875,322.7014328,1.957820915,0
533.8066773,322.2917284,2.143256648,1
705.181715,322.4553697,2.01981829,1
327.5683136,323.3357847,2.121309731,1
512.421887,324.635189,1.737372332,1
775.2322405,324.7353153,2.039002396,1
788.1888955,324.9041598,2.069498324,1
25.49257661,325.6099986,1.975204256,0
74.08284377,326.4287199,2.186487708,0
589.535951,325.4605197,2.10023371,1
398.8345109,328.0207103,2.05287255,0
459.5781388,328.061879,2.132117737,1
439.6347228,330.2450749,2.128783156,1
680.1680037,329.3261394,2.095932988,1
847.9540526,330.2812632,2.138675291,1
427.8440417,331.3916203,2.116531959,1
947.7202188,332.2039579,2.329127201,1
406.2721168,333.5622693,2.148279702,1
465.6742189,333.4562371,2.313778658,0
905.8084135,333.3750002,1.859529401,0
14.72931662,335.5071247,2.052962926,1
198.2068978,336.9189722,2.14102092,1
517.3927825,336.4770039,1.941180178,1
666.7642102,336.2875494,2.106076587,0
260.4325238,337.4358434,2.063783893,1
624.2954037,338.0684009,2.178279807,0
843.0639611,337.4611146,2.206892707,0
958.3840313,337.5479521,1.877339402,1
968.07673,337.6388778,2.11245588,1
329.3537614,339.8554934,2.034804493,1
340.4918441,339.4232937,2.047975037,1
601.5341801,340.5963284,1.867751077,0
649.8727245,339.1690672,2.303350065,0
862.8856285,339.5524446,1.924971024,1
869.8796188,340.4216542,2.2105145,0
879.1600093,340.2585576,1.979886617,1
281.6235007,341.6210856,1.905488622,0
573.7601343,342.2189571,2.235830275,0
629.7236097,342.7113139,1.87535072,1
701.8681345,342.3012797,1.848622837,0
766.0182745,341.7937992,2.070721792,1
52.47161144,343.6806542,2.227964855,0
429.3405199,343.3627122,2.052251698,1
613.866298,344.5634576,1.697123237,0
776.135193,344.1154145,1.741324794,1
818.1446563,344.844092,1.91673399,1
894.0822271,343.3859991,1.940781322,1
962.268707,344.099631,1.948227343,0
539.9123494,345.3162966,2.022842127,0
765.946481,345.256436,2.121458639,1
848.1709458,345.5315535,2.231901773,1
921.2873573,346.0844617,1.863089113,0
286.3454186,348.7274549,1.957338155,1
472.2962606,347.5048369,2.286733221,0
737.5602246,347.3847091,2.283000229,1
359.9270229,349.9047612,2.31314314,1
464.1651964,349.8142926,2.06866765,1
490.3359768,349.6570501,1.698161398,0
662.2396083,349.6787202,2.054440809,1
514.2070811,352.1342985,2.334619368,1
591.8730541,351.1607889,2.248299508,1
681.3520445,352.5507401,1.737196807,1
727.5473883,352.3774453,2.03614202,0
870.3290192,352.8567688,2.196731701,0
135.8559567,354.3349287,2.143591604,1
312.4937787,353.9728544,2.107296016,1
235.3560735,355.5148461,2.178137336,0
784.0557353,357.4987621,2.101559815,0
361.5493271,359.5873914,1.981154519,1
767.1948039,359.7842108,2.084327213,1
850.008778,360.2771707,2.011032679,1
344.2626958,361.7783647,1.973370651,1
477.472971,362.7804071,2.094959745,1
928.0028912,361.8977656,2.212297992,0
668.7432254,364.3123813,2.201497397,1
773.1385069,364.3711748,2.068811622,0
254.9571478,366.0998721,1.929377521,0
285.8018664,366.926095,2.21251452,1
632.7534155,366.019184,2.012952974,1
960.5432438,365.6993377,1.916792388,1
708.7028864,367.2936596,2.129975098,1
491.156853,370.5190114,2.039559259,1
538.5195319,369.7854901,2.364813539,0
552.6237478,370.1573772,2.220277327,0
598.5633035,369.9162765,2.081504893,0
691.1868084,369.4857583,2.116836627,1
788.6597427,369.9257344,2.045654183,0
930.7236599,369.989473,2.117271603,1
344.7461263,372.6797544,2.105957972,1
635.1423959,371.7146591,1.82934048,0
750.6428119,371.1861623,1.966824054,0
307.5089873,373.1763397,2.06622382,0
86.58255677,375.5758793,2.003409143,1
261.672459,375.3381157,1.996419348,1
410.5676509,375.6354128,1.852937246,1
477.9225105,376.4133262,1.951746972,1
595.9791803,376.5014529,2.102818254,1
643.9685167,376.5799018,2.092915286,0
929.856296,377.911891,2.011842128,0
371.1478511,380.6320562,2.290915996,0
794.6315693,380.829056,1.9451382,0
448.3946669,382.5703499,2.011236216,0
233.9003831,384.4911953,2.236017627,1
333.3477893,383.4505948,2.030916995,1
860.3976033,385.7709547,2.084823496,0
872.3908702,386.7286195,2.253728657,0
897.7153776,385.7014262,2.216509294,1
338.5452865,388.3882815,2.302515711,0
351.3832695,388.3812783,1.743768116,0
403.7593527,387.9647009,2.256487144,1
841.8845054,387.6049756,1.980401698,0
153.6240493,389.7724011,1.901722409,0
477.950467,391.6854441,2.049823044,1
864.7196296,391.6679589,1.688650785,1
890.4174203,392.0867377,1.851674524,1
963.6871079,392.2724297,1.839300652,1
988.1743826,392.366594,1.880867348,0
62.27425011,394.3862032,1.970068763,1
914.6265864,394.9846527,2.10571436,1
15.51978281,396.9894539,2.041902416,1
205.7018627,395.2356496,2.073957314,1
215.2986515,395.2133232,2.113498742,1
235.578681,397.2139695,2.070140479,1
296.1799315,397.890938,2.340286566,0
457.0296176,398.0804477,1.947174278,1
466.2228458,398.0731107,2.061159321,0
108.1252029,400.5408165,1.986001774,1
830.6560669,400.0544391,2.193772374,0
450.2916845,402.2883087,2.135798023,0
612.464351,402.8521244,2.285770394,0
890.6923191,402.5726436,1.980837213,0
297.9050624,404.0747142,1.767820206,1
653.6071616,403.8960285,2.058310304,0
216.0978671,406.6885378,2.269731899,1
305.4541277,405.7606693,1.951039424,0
680.5094134,405.8846171,2.073749418,0
928.5054647,405.8091707,2.073449887,1
123.6797671,407.4823736,2.308536195,0
206.5481487,408.3197753,2.17164663,1
468.0808719,407.9110807,1.916882786,0
603.7471769,407.6628762,2.005074448,0
833.3000672,407.7473692,2.341717311,1
80.5773,412.3774495,2.00313205,0
47.5981892,414.9400604,1.607975611,1
808.2388897,413.9136255,1.867154317,1
142.5083646,415.9986415,2.033906068,0
277.9810022,415.9054419,2.016413018,1
501.5645048,415.4256461,2.055388919,0
895.8627895,415.0923359,2.10861581,0
401.9731675,418.4903114,1.949554821,1
877.4459373,420.3233345,1.95904966,0
114.1257346,421.9796544,1.676365799,0
470.0481964,422.8478053,2.094075914,1
125.8566821,424.2641904,2.000112256,0
432.4440914,423.4354688,2.302076607,1
805.2341616,426.1219484,2.391732514,1
132.8801484,427.6557421,2.096832555,1
404.0953893,428.5351779,1.926684249,1
89.42059639,429.3903108,2.064766269,1
483.769208,429.4956109,2.004278572,1
557.3441569,430.0693545,2.150292804,1
827.9664589,430.4755128,1.989072224,1
143.4660965,431.343855,2.048086414,1
472.1192409,432.6609721,2.159534545,1
926.2864498,431.8109974,2.048244573,0
966.2079245,432.0685908,1.855735294,1
950.3565568,433.7757281,2.126328426,1
984.403399,433.6926815,2.047137148,1
448.4674972,436.8640865,2.034563104,1
625.5001062,436.3484128,2.02021472,1
822.5688092,436.329025,1.95827673,0
970.5217541,436.8095439,1.715333306,0
248.520249,437.8006378,2.185121164,1
604.616453,437.5255991,1.925743944,0
508.0037072,439.7360239,2.035119947,0
29.45715954,442.1914743,2.158434228,0
841.9587882,442.0497231,2.192816698,0
982.4213557,442.5921369,1.935880628,1
239.6216201,443.1875044,2.028407427,1
274.1595501,443.9168192,1.968217261,1
619.896077,444.1876946,2.35734091,0
651.7798219,444.121116,1.728371179,0
830.2088459,443.7986067,2.117363437,0
878.3347517,444.7713886,1.996022251,0
310.5174058,446.0335236,2.326005655,1
949.6316684,446.8411698,2.047151784,1
23.54674774,448.3193468,2.145983348,1
36.49045287,447.427495,2.177971969,1
154.0030255,447.6172138,2.106461128,0
244.1777405,448.498888,1.8274294,1
419.205406,447.5937071,2.048027908,0
928.0043194,447.776343,2.11063239,1
426.4052403,450.6253417,2.068232935,1
447.761128,449.8304278,2.20018147,1
219.9487395,454.7434467,2.207844312,1
238.6750506,454.4463419,1.863247892,1
260.9655398,454.3808351,1.944859547,1
498.544396,454.4292459,1.980517649,1
848.5831741,453.8017023,2.063367512,0
93.68847155,456.474493,1.877468329,1
137.1972907,455.5982003,2.02966789,1
908.6551246,456.5590885,2.036888164,1
129.129368,457.4694061,1.882740477,0
155.5233724,457.9831653,1.843703281,1
233.5664763,458.6049963,1.970764992,0
792.1390323,458.5364288,1.935773085,1
309.6742113,459.9974624,1.995328784,1
890.735589,459.8278468,1.727158478,1
944.3041189,460.0165228,1.840558481,1
936.5339441,461.8247389,2.238193504,1
131.0718084,464.4298423,1.975475602,1
885.224026,463.9661774,1.985439,0
917.5784686,463.9865544,1.892666327,0
462.5497497,466.3415184,1.952538446,1
805.6531205,465.9826307,2.230248835,0
787.8701885,467.1417179,1.856827758,1
828.050201,468.9493153,2.118681701,1
841.6585101,467.9733695,1.998198783,1
23.92249713,469.8282558,1.997798778,1
44.19209234,470.1738632,2.106769788,1
310.7107238,469.5346899,2.157699908,1
431.2104236,469.6460404,2.291763166,1
209.8871544,472.5337601,1.867890663,0
217.8058213,472.0337536,2.094281152,1
227.9943091,472.5993733,2.018077832,1
323.0941975,471.8779526,1.857778196,1
416.5368403,471.969817,1.955082535,1
904.5244447,472.3523705,2.113032886,1
107.6582832,473.4137567,1.985044774,1
247.2931794,473.4584284,1.653152826,0
302.6217282,473.5191207,2.192558412,0
664.2295598,476.2162689,2.338964787,0
918.1893109,476.0666999,2.017652365,0
373.3558541,478.4174905,2.161123588,0
489.7819448,477.3224345,1.79549195,1
498.947953,478.621222,2.015076004,0
881.9790309,478.4973007,2.104805057,0
937.647859,478.0117251,1.860062786,0
182.9145268,480.6408977,2.108594839,0
219.8661169,480.3480947,2.258048174,0
261.4445713,480.4031442,2.369438247,0
303.6598236,482.2211834,2.132054184,1
422.6737542,482.2743773,2.031770942,1
909.4013267,482.0348616,2.003526236,0
367.1320239,484.031886,1.919713261,1
437.4987217,484.0850713,2.298516857,0
811.6540457,484.1524287,2.005384541,1
825.9976908,484.2652762,2.175477312,1
859.458893,483.1381355,1.913750407,1
253.8677607,485.8011252,2.260293169,1
462.0388872,486.0412925,1.985706918,0
619.8361033,485.2563051,1.962531104,1
915.6285589,485.9423442,2.121832682,1
831.6059316,488.6522439,1.957699002,1
650.8157656,490.0770485,2.155051017,0
865.025043,490.8995667,1.83364281,1
928.0104618,490.1152562,1.822597759,0
107.9579047,491.8335895,1.69382422,0
203.5825725,492.3920596,2.122064429,0
285.342802,492.0247761,2.044208986,1
432.3391706,492.2358072,1.896789526,1
633.8386984,491.7444114,1.990369676,0
843.8568601,491.3738522,2.02417018,0
600.7006839,494.1966649,1.725188841,1
773.8455676,494.2139345,2.110818054,0
249.9029227,495.9945996,2.079694445,1
361.6235932,496.6091559,2.121299079,1
558.2664697,496.754763,1.847686546,1
787.2483107,495.6978733,1.917916934,0
859.9640075,495.6800011,1.994419945,0
870.744387,496.1869407,1.993242752,1
113.6981942,497.8886886,1.927880885,1
386.1992624,498.0537246,2.087785774,1
428.5185264,498.3506636,1.713795032,1
780.6108012,498.7062325,2.168845404,1
893.9914159,498.1376815,2.021111758,1
924.0460192,498.8242056,2.182157638,1
984.7496398,497.1834795,2.035900226,1
197.4868817,500.4859271,2.26455448,0
318.4293807,500.7047932,1.959723296,0
131.9599861,501.8794098,1.985082128,0
843.6546348,502.1736201,2.014789696,1
97.94814639,503.4955725,1.913327626,1
251.8772288,503.8001015,2.051649829,0
343.8203801,504.3176118,2.013089613,1
376.3904501,504.3951164,2.337195013,0
794.2252029,503.6284387,1.822486914,0
918.0141838,503.4815673,1.668002193,0
935.9486365,503.8109691,2.038063194,0
955.3939182,504.1858346,1.940736533,1
75.98840402,505.9735156,2.016830736,1
549.9827088,505.8500443,2.098345502,1
800.1849408,505.7638847,1.655857564,1
325.9739778,507.5358066,2.265494395,0
260.2273494,509.2545812,2.086852393,1
360.0967346,509.8064181,1.915751332,1
978.0081794,510.6475719,1.885579361,1
55.55211098,511.8173731,2.138103554,0
201.3657126,511.8041202,2.254595541,0
596.7892427,511.2750475,2.218596149,0
304.5692782,514.0204832,2.204301742,0
605.733489,514.8643604,2.084717676,1
891.3593356,514.71973,2.033078907,1
908.6283593,514.2605481,1.893505686,0
59.60319402,515.6085091,1.833609379,1
141.8631487,516.1497801,2.00648189,0
340.4651974,515.6871888,2.023335943,1
531.9716834,515.7620567,2.006973918,1
562.0389891,515.6570176,2.065603593,1
878.1522765,515.1682948,2.213866988,1
304.0659815,517.978662,2.061763369,0
467.0106949,517.4043834,1.911502407,1
549.5305631,518.1499289,1.720924814,1
787.8867135,517.5831065,2.067349227,0
272.0250629,521.5147758,1.984880453,0
555.8063183,521.4393794,2.152653649,0
670.4424381,521.4400118,1.956931817,0
545.3592322,523.8595561,2.01183896,0
843.3936222,524.8833934,2.208111221,0
362.5190547,525.1179677,2.109067913,1
420.7251969,526.3002897,2.136962784,1
781.8254118,526.8377137,2.006665898,0
223.443578,528.5872593,1.795393958,1
649.3864927,527.4156985,1.979000958,1
283.0658792,530.4749262,1.954724897,0
533.6145877,530.4053592,1.948002266,1
599.7606728,530.041426,2.252893607,1
641.1226514,530.8349739,2.05852044,0
329.6134397,532.5024187,2.120967054,1
688.4398562,531.731264,2.037212852,0
830.1908241,531.1169548,1.957640798,1
945.0833438,531.1600978,1.829099139,1
121.7575948,533.1606254,1.89381489,1
372.9981017,534.110883,1.633573981,1
559.8016135,534.9612745,2.163316569,0
769.7920845,533.9343959,1.993955299,0
823.8279375,534.2128673,1.994363327,0
899.5490074,533.8555072,1.991520127,1
581.4824863,536.5327012,1.922311251,1
654.0833124,535.6331291,1.977023974,1
45.11232801,538.8244355,1.656580869,1
401.4538827,538.3391781,2.113753523,1
412.6977407,537.5579497,2.042704794,1
683.7828276,538.0585815,1.852112542,1
863.7769646,538.1498326,1.847439591,0
635.9887053,540.3435813,2.00310397,0
718.662231,539.1511779,1.967271461,1
786.4749246,540.3354408,1.661054481,1
797.9568915,540.68188,1.884772504,1
690.8285027,542.3838262,2.017236638,0
20.59298502,543.3304251,1.84684898,1
263.9915177,544.8500176,2.150892341,1
421.5694319,543.6917363,1.971544824,1
658.5747206,543.2602614,1.946773545,1
739.8483244,544.134482,2.16806476,0
758.3219796,544.5787663,1.979766347,0
89.10635128,545.7737571,2.103637532,0
128.3621912,546.0165622,1.900205159,0
802.5313826,546.5373328,1.917578381,0
812.9176286,546.3996456,1.993713747,0
893.5314543,545.8043594,2.057173309,1
286.4292325,547.3325688,1.953147911,1
877.9157527,548.252863,1.978019727,0
351.2581829,550.0585824,1.918621947,0
794.4534146,549.4241559,2.040172034,1
237.9331455,551.9219483,1.974311809,0
269.9674127,551.8121493,1.97841236,0
549.3091114,552.2837416,1.883057955,0
825.7313041,552.1717265,1.645836828,1
861.6732504,552.2063747,2.196773887,1
970.0397026,551.1913632,1.947405174,1
381.8499036,554.4851073,1.880864502,1
459.9755509,554.1684689,1.795509523,1
981.547863,553.226446,2.150053666,0
121.9033689,555.7021956,1.878372999,1
454.077954,556.7530684,2.039765171,0
899.67819,555.711366,1.983372164,1
19.15290549,557.4152528,2.031452187,0
835.5523966,558.2222351,2.053763285,1
778.3540383,559.1439522,2.145088128,1
942.033046,560.6651613,2.349400181,1
73.65288041,562.0817505,1.70534328,0
109.1869556,562.3318874,1.841708541,1
875.4234243,561.3218824,2.096925554,1
326.221801,564.3381298,1.72060464,1
47.56066415,565.9720505,1.89588656,1
82.150651,566.3619904,2.097697012,0
573.9895916,566.7066416,2.214306533,0
90.13407015,568.3930998,2.029484559,0
367.556343,567.6850917,2.030040921,0
516.3737528,568.2603824,1.99800131,0
315.8581567,569.8949229,2.10544839,0
420.2462221,569.4764435,1.967506134,1
293.4790642,571.8598242,1.999139345,1
323.8079538,571.8572682,1.85814,1
374.0520499,572.6425654,2.26324725,1
484.3223537,572.3571821,1.941874449,0
563.7349223,571.7491924,1.957261587,0
889.9449678,571.9322678,1.944380046,0
946.8683898,571.9230062,2.001212242,0
313.7079117,573.7265136,2.114922331,0
817.2496803,573.2589674,2.289662629,1
321.7912555,576.8609089,2.008148852,1
810.1685355,576.4682317,2.015844042,0
849.8336799,575.4225525,2.057455867,0
295.3925129,578.5341363,1.866727907,0
516.1842869,578.3948511,2.194850292,0
824.012367,577.345652,1.817916472,0
27.49776815,579.4671242,2.199995287,1
319.9529237,579.7646019,2.025587031,1
842.6343849,579.7308328,1.902107231,1
45.3905247,582.4725659,1.884726674,0
307.5674609,581.6679632,1.889444323,0
378.2698618,582.2185323,1.936619653,1
536.0080113,581.4621243,2.093770948,0
853.7666687,581.4846234,2.141903886,1
509.2444731,584.3495623,2.039564604,1
949.1547521,583.3586985,2.126751701,0
315.6725041,585.888735,2.15593537,1
982.1173617,586.51318,2.075409426,1
299.1637317,587.3689247,1.665928186,0
453.7662708,588.593683,1.953744954,1
462.1777333,587.9174251,1.885443929,0
539.6721397,587.804357,1.710002846,1
51.58658809,590.1111394,1.992563106,0
385.2708853,590.3480966,2.188589806,1
949.6420325,590.4381902,1.946199006,0
57.55148937,594.4779876,1.965512924,0
90.56794676,593.4641779,1.635112456,1
142.7492503,594.1463683,1.885261368,0
130.6565507,596.1503638,1.955779682,0
457.9377868,596.1894154,2.045338145,1
235.0704365,600.116934,1.92226003,1
862.3372437,599.6709062,1.908279365,1
214.1249908,602.4733236,2.374774434,1
986.1458864,602.1972778,2.087645803,0
348.1551224,603.9966858,2.279779709,1
483.5313236,606.0735525,2.094640581,0
781.6290707,607.8627131,2.025110701,0
851.9210159,607.2750935,1.954759324,1
863.7806038,607.1862541,1.939432645,1
980.1757722,608.123996,1.7533781,1
974.3667719,613.826667,1.969863537,0
862.033321,615.2333258,2.120729896,1
947.0040112,615.3843199,2.157202401,1
659.7261702,623.8955841,2.10604074,0
442.5671724,627.8958968,2.060794233,1
796.3121184,627.6349411,2.288677388,1
517.8976549,630.2865448,2.150156832,0
623.7289723,630.8661882,1.973605545,0
775.3041348,630.3777015,2.157078846,1
784.4058064,630.3410808,1.968152632,1
361.0258061,634.2796086,2.28480527,1
745.6317556,635.9291163,2.144732354,0
795.8358421,635.6139784,2.302088587,0
939.5943641,635.8584935,2.085660349,1
777.8850008,637.9059401,1.690205591,0
833.6415762,637.4321739,2.162745894,0
720.7288031,643.9245509,2.240376805,0
740.6091861,644.0276763,2.146756043,0
63.69221886,645.9643171,2.248182014,1
572.6623151,647.7897581,2.116610011,0
853.917689,647.7398079,1.75766194,0
734.5969707,649.7896886,2.114611341,1
811.8084659,650.5373568,2.061606448,0
866.4832447,650.2948917,1.876502939,1
70.16779232,651.6221862,2.075527381,0
841.4923287,653.877863,1.98709027,0
692.2648486,658.2965935,2.094933481,1
111.8713739,663.0321331,1.864029297,0
182.1077782,664.3445559,2.035818103,1
137.4508519,666.1249674,2.128001707,0
167.0405042,665.1202399,2.21744433,1
123.7042979,670.1279573,2.05865129,1
159.4623163,669.9579289,2.056141258,0
219.2384896,670.269401,2.035066278,1
251.7273172,669.7570973,2.253004233,0
699.3177126,669.9891806,2.125767873,1
971.8681095,669.8188827,2.061352984,1
721.9074887,671.6225811,2.007059499,0
213.8409103,679.5434486,1.927507066,0
276.2090366,679.9614866,2.379903073,1
236.219688,682.4996278,1.917398985,0
239.3876872,682.796893,2.30550946,0
218.2478365,686.2008732,2.051967801,1
441.4337003,15.80082494,2.805775767,1
287.0178939,17.28278363,2.842734236,1
338.6730956,17.74980526,2.807907291,1
355.4907308,18.35454779,2.838959001,1
456.4633009,18.26531381,2.696216418,0
548.3134967,17.74348874,2.629765954,1
84.52459242,20.23051524,2.810193592,0
223.9035502,20.67807829,3.070358907,0
294.8587661,20.65281814,2.732241185,0
332.7937866,19.90301875,2.818535801,1
327.6658647,21.67484559,2.862188624,1
423.8039578,21.54402019,2.88841053,1
602.0771762,22.22765053,2.779382739,1
321.2069718,23.87081332,2.904159815,1
415.7667027,24.07334208,2.766534766,1
200.5750657,25.56565299,2.48822209,0
296.4027984,26.00444875,2.768251445,0
316.0064834,25.71093048,2.906661422,1
410.8180342,25.62375105,2.785630712,1
445.8547963,26.27109086,3.072238208,0
473.2746133,25.68187197,2.796165768,1
590.026141,25.7849056,2.834178874,1
637.5294805,26.71053235,2.826901895,0
167.8852175,28.39554357,2.77343018,1
303.3692613,29.69044695,2.871212092,1
321.6492978,30.22799705,2.99926699,1
931.9245214,29.59796736,2.635825384,1
387.5129839,31.52798475,2.84566899,1
455.1758652,31.02369044,2.801271029,1
290.2086138,34.14626072,3.004417595,1
382.4174505,33.87057295,2.769026194,1
674.0667076,34.15784621,2.723537393,0
85.85937402,35.74148905,2.812046694,0
159.5713874,36.03564176,2.798461371,0
286.0033708,35.68394293,2.835480108,1
376.1861159,36.1346853,2.683488367,1
630.5673615,35.54661048,2.802511968,1
225.807061,37.58438612,2.629527682,0
824.5045854,38.10667659,2.661495062,1
396.3289933,39.81857967,2.879673101,0
922.355618,40.48610448,3.103953966,0
361.6299825,41.48658561,2.910373319,1
353.8820443,44.03915005,3.052366234,1
933.9772717,43.88370502,2.570625247,1
24.61985304,45.935923,2.664031849,0
225.7153554,48.39387003,3.134105656,0
338.3085716,47.75041316,2.626502322,1
621.9701858,48.55439179,2.687597594,0
256.4365845,52.02242796,2.626167689,1
364.5973671,52.30102465,2.800605888,0
320.0786734,53.58822073,2.58672527,1
96.23073302,58.37643684,2.69061147,1
919.408603,59.66632086,2.834317899,1
210.1048132,62.09372329,2.966021318,1
352.0584462,61.59931124,2.800057679,1
161.4551811,66.13251812,2.848797138,0
326.6176226,67.89927793,2.631858298,1
313.243411,70.55672029,2.749081096,1
343.3485911,72.55364129,3.020267838,0
679.3646159,73.97105491,2.750778651,1
624.6901452,78.19652806,2.772205909,0
634.771729,77.72735121,2.690002645,1
290.0364558,79.63728453,2.589874314,0
343.5258734,84.00115455,2.573630808,0
271.5744878,86.01451001,2.817781504,1
298.347461,85.96733161,2.884905109,1
407.7344056,86.57136296,3.015589319,1
267.4159008,94.83986757,2.766189036,0
636.4385301,97.09677685,2.602205614,1
172.2273142,99.50210253,2.597543466,1
288.8265368,100.7079165,2.813699689,1
198.916055,102.1432788,2.816089879,0
924.5688539,101.7788952,2.796297017,0
264.2353762,104.3592764,2.71053667,1
605.9239131,103.8908167,2.720250847,1
251.135079,108.4312664,2.940064822,1
593.8654565,108.490967,2.906669576,0
932.0120386,107.6793103,2.557073091,1
881.5207475,112.7912791,2.769287558,0
892.7450661,113.573112,2.796532691,1
163.5677203,115.3377968,2.532478182,0
197.9298194,115.7046219,2.96083805,1
563.11179,116.0644155,2.981006046,1
150.0247464,117.8590888,2.51822268,0
172.8580686,118.8114385,2.823594697,1
242.2668804,120.0744348,2.750571659,1
822.1146149,120.126879,2.679646099,0
65.6082828,121.9002234,3.131881449,0
157.3524219,124.2890135,2.823371897,1
192.6458804,125.9409781,2.644958732,0
571.9493597,125.1582216,2.995800645,0
215.4525642,128.9251896,2.991197553,1
961.7759954,129.3040188,2.850059562,1
745.462547,134.2283243,2.785144993,0
24.41748469,135.7883269,3.119097192,0
131.824297,136.2442654,2.843393117,0
59.55923235,138.2499647,3.004853654,1
714.3784339,140.0155401,2.718994804,0
630.0820473,141.4134827,2.756950843,0
579.3732515,154.2001299,2.660785503,0
937.9994951,155.5137103,2.684659777,1
564.6903979,158.5406023,2.479882664,0
816.5186882,160.7678274,2.719503035,1
36.72405951,164.0113321,2.777175413,1
534.9475053,163.9840394,2.620929548,0
549.56305,163.702059,2.87149092,0
493.5562793,172.1155656,2.565430642,0
505.9319358,174.0601388,2.632219636,0
727.8207325,175.945739,2.472785242,1
780.7361199,175.2489038,2.939827949,0
859.2765697,177.2357987,2.889348205,1
25.30241845,180.2309704,2.570551322,1
35.96639881,181.7786027,3.041103773,1
558.314524,182.1546248,2.770815525,0
780.4641993,181.1714267,2.732880187,0
828.9126117,181.862894,2.800729125,1
445.9407482,183.3762186,2.645162726,0
732.7785331,183.5349873,2.68992526,0
871.520391,184.7594033,2.819458698,0
851.3565322,186.5994761,3.080512489,0
721.8189836,189.7060132,2.902938646,1
682.4951927,192.1172221,3.061393034,0
752.7891275,194.5838829,2.660342403,1
482.3375348,196.3680388,2.744485175,0
645.6028683,198.1535549,2.729830886,0
466.379456,199.9419282,2.931284135,0
558.9399394,200.3437812,3.090688315,0
630.8595745,200.8931248,3.037924303,0
885.4870288,201.3276587,2.961811427,1
668.8045276,206.1939261,2.993948912,1
724.3863695,206.407066,2.74205763,1
818.5794695,207.1585907,2.669155629,0
41.53294214,209.600197,2.644472041,1
641.1984743,210.4389641,2.845777682,1
761.9168484,210.1323796,3.004030929,0
798.94518,213.4600078,2.914997008,1
121.3801214,218.2820251,3.172276076,0
537.5038555,217.8907147,2.909599609,1
771.7430976,219.4393223,2.55569901,1
791.5012929,220.4498891,2.905746313,0
820.0759047,219.6477597,2.523176993,0
885.6963255,221.5956205,2.896686353,1
843.8058414,224.5778383,2.967493485,1
591.1991167,226.5363145,2.690437701,0
627.5037204,225.6722824,2.935297894,0
209.0237751,227.6592667,2.693608783,0
670.1650321,230.1363166,2.886658813,1
747.6462232,229.5539136,2.91111564,0
800.3216599,229.7768524,2.771334581,1
237.9226972,231.9631974,3.002820697,1
458.0352651,231.5293486,2.713818475,0
472.1051424,234.7448889,2.418821186,0
643.3819555,234.0973502,2.79393616,1
771.9208401,233.5680848,2.889803012,1
119.4217946,235.9586854,2.955803659,1
591.8128555,236.0591852,2.613098374,0
756.1029558,235.5775104,2.855148988,1
650.5228407,238.6322592,3.000359746,0
713.968078,238.1215059,2.778504641,0
793.2166478,237.7217644,2.579221781,0
480.0378437,240.8364054,2.794817995,1
790.2011656,239.3845438,2.617980843,0
582.1415935,242.0572866,2.957289833,1
111.8678694,244.6170525,2.5346515,0
406.7380255,248.0304347,2.739746047,1
497.8050767,248.0402694,2.824533131,0
644.2756661,248.7006913,2.564681183,1
682.098114,248.4095936,2.984200313,0
276.121341,250.4442578,2.962311511,1
766.2287589,249.7517762,3.010002896,0
775.9968697,250.2630674,2.906953807,0
886.7222974,249.7739111,2.815659667,1
235.8423324,252.1828328,3.141596302,1
506.5630275,252.4511438,2.825699873,1
622.6141829,252.2648228,2.536126672,1
666.1548907,253.2931793,2.705020555,0
422.0286099,256.0362339,2.861353274,1
103.7284604,260.4925185,2.903946691,1
635.2181742,259.530837,2.928190937,0
772.0644598,260.0899833,2.438445126,1
616.8185727,261.5211243,2.722208324,0
649.8200558,262.955713,2.7231118,1
805.3812634,263.9835634,3.076780111,0
212.1053002,266.0087803,2.420122298,0
719.4322751,266.3774632,2.820385515,0
730.3287614,265.4885635,2.700381981,1
316.1616379,268.0015461,3.027924593,1
556.3433855,268.3321556,2.995261568,0
91.65663248,271.4364768,3.048303871,0
483.6031232,271.366465,2.519657382,1
778.4750804,272.102587,2.988257567,0
785.5210384,274.1702755,2.749858069,1
618.279132,277.3597543,3.028138445,0
805.6673754,280.1886849,2.980840873,0
850.8305672,279.8760334,2.664912519,0
626.033386,281.8421481,2.988615006,1
636.5736245,282.1124541,2.846960183,0
593.9461235,284.8513118,2.702773934,0
882.4041495,283.7296052,2.893309289,0
353.3422822,286.8701471,3.001535494,1
421.9718726,286.1597302,2.984267665,1
453.5285557,285.4492611,2.752375253,1
546.6938086,285.5235896,2.636986955,1
578.4739695,285.7332847,2.969036309,1
674.3480264,285.0914934,3.054026222,1
314.1829534,288.1442443,2.980807351,0
265.8405336,289.2418878,2.789268689,0
721.3764354,289.7533292,2.897430313,0
733.1819866,291.4512341,2.740523047,1
852.5195856,292.3741935,2.669779052,0
868.2724921,292.4970835,2.794325891,0
598.2004366,294.1764079,2.959432854,0
891.7683896,293.5097593,2.903296618,1
327.9229142,295.4042373,2.694220441,0
439.1582719,296.1992447,2.902531101,1
454.1260163,296.4815474,2.986381381,0
807.602263,296.1111135,2.914541051,0
968.5121185,300.4549944,3.041772697,1
504.6646267,302.4258587,2.886548831,0
394.8964535,306.381107,2.917867363,0
558.0068154,305.693949,2.987011912,1
483.8077187,308.302586,2.836134714,1
742.141139,307.7595648,2.647131464,0
792.797815,307.3417857,2.730714843,0
890.4682808,307.7836168,2.993453296,1
354.6950712,312.7871852,2.834573943,1
588.9183606,311.8657941,2.650291624,1
732.6700928,312.3174657,2.849698068,1
464.3268886,313.5573588,3.001467986,0
844.712191,313.9079702,2.933284174,1
854.1244828,314.3556154,2.662204716,0
884.3910564,316.573538,2.940477932,0
866.5354301,317.451488,2.660725379,0
559.9475388,320.0034465,3.021817195,1
598.2793646,319.7013105,2.694098814,0
647.1293124,319.1024072,3.098566382,0
839.9671501,322.509645,2.964196277,0
217.6036496,325.4625814,2.837352898,0
840.2919049,325.0063107,3.009591419,0
907.5286375,326.2474231,3.017242382,1
877.4639966,328.2955187,2.516478885,1
697.9848215,330.0885205,2.924787342,0
601.5426921,331.0396835,2.678176591,0
782.0766036,332.716393,2.771298195,0
285.5468492,333.5522132,2.816730074,1
434.0880898,336.9517122,2.465483921,0
34.138997,339.6992001,2.836891391,1
292.6212426,340.7594143,2.898776583,0
314.6031004,339.2542343,3.016652985,1
399.7555638,340.1067984,3.112220006,0
590.3195466,339.9883205,2.94792418,1
810.7214509,339.3387743,2.871872146,0
365.7087223,342.7382075,3.004955375,0
743.6800439,342.2435544,2.976418009,0
878.2190963,344.2410603,2.834060275,1
306.0308347,347.355006,3.004984267,0
641.7156745,348.6691819,2.772679069,0
706.1229112,348.3757555,2.846370955,1
887.4853779,350.0066191,2.727529625,0
811.886385,353.059708,2.953813816,0
857.922539,353.5165722,2.58423536,0
292.4053137,355.9931516,2.720445534,0
864.2972595,358.4659038,2.471856604,1
894.0919758,357.1588577,2.724335795,1
602.4605765,360.932301,2.876691721,0
652.1675966,359.5985719,3.056153574,0
746.4638773,359.8505436,2.694061605,0
819.9974258,359.3441926,2.599603915,1
401.3254056,361.9613781,2.841636175,0
544.6773436,362.7055693,2.763247187,1
804.0336519,361.0882226,2.683998077,1
166.4432221,365.8569461,2.802585504,1
231.5489073,366.1447371,2.936276584,1
370.3179182,366.295098,2.984963966,0
141.4575794,367.440837,2.991635073,1
610.7519008,367.1741833,3.160813864,1
104.0651039,370.335962,2.903328795,1
291.8846092,370.5769413,2.750387552,0
484.1010672,372.2117023,2.584686495,0
400.7073493,373.6164657,3.034298918,0
446.3798091,373.9772383,2.843894215,1
463.4141705,373.0068651,3.087250041,1
618.7747225,375.9592535,2.554363874,0
656.6937757,375.692209,2.579181717,0
887.7968903,376.3893407,2.800895332,0
224.1953386,377.1401047,3.10947825,0
381.7404321,380.2201163,3.050922389,0
728.816734,380.187734,2.824835313,0
247.7439744,382.744473,2.870463302,1
347.3170693,381.4849882,2.946146506,1
910.2607038,381.5311636,2.722308688,1
257.6530734,386.1585911,2.673503027,0
424.2971084,386.9182669,2.729531188,0
620.6216297,386.2440286,2.934230596,1
368.0476834,390.0122369,3.0319107,0
414.1121747,389.8587472,2.592717449,1
467.648221,390.2826715,2.688575571,1
445.6645063,392.9534396,2.84127809,1
613.6389274,394.7449465,2.707448735,0
653.5391281,393.5182224,2.639348843,1
937.0747844,395.6073066,3.022954999,1
422.9994698,398.030168,3.002570676,1
469.8585854,398.445967,2.909144769,0
915.3473419,400.1790154,3.151823529,1
633.4137144,401.1301871,2.903607075,0
106.0571806,403.3532253,2.876337417,1
807.4070002,405.4302063,3.114633633,0
438.5939168,407.9394999,2.707073653,1
478.7062491,407.5801196,2.873726864,1
569.4550917,408.0442815,2.662560841,1
284.3325285,409.6453688,3.00761647,0
580.5164473,412.389413,2.96808501,1
613.8942857,412.4988637,2.777004012,1
116.9037376,413.619898,2.731255287,1
630.821385,413.9490266,2.952719418,1
872.4634886,414.3793548,2.91503971,0
884.1442233,413.9194664,3.094323351,1
39.37769261,415.0439156,2.817435714,0
166.5958125,416.0880133,3.144631158,0
130.0362547,417.4548962,2.683490435,1
153.417415,418.4157899,2.868620046,1
274.0200305,417.5984293,2.800557136,1
465.9075021,417.8855445,2.838362061,1
939.5859902,417.120217,2.714085823,0
388.8396637,419.6227078,3.054511572,1
181.6012788,422.3033498,2.752320218,1
637.8584639,422.882936,2.729697554,0
798.9344027,421.3549495,3.039629147,1
976.289179,422.4842856,2.756125347,1
315.4789411,423.9968056,2.984369112,0
622.7427429,423.5142966,2.89456826,0
109.6930667,428.7091916,2.8574385,1
201.5366738,428.6943824,2.837105413,0
672.1708555,430.7547817,2.56988805,0
940.2597309,429.4463997,2.862957926,0
362.5070684,432.2837474,2.55356461,1
376.8986217,431.4778129,2.81567212,1
301.6168693,434.3600446,2.665001892,0
434.3558263,433.3611259,2.766285629,1
193.8316416,436.2957192,2.800433553,1
277.3091917,436.3556281,2.755763362,1
298.3012616,436.1870191,3.03592737,0
386.1180365,436.4380574,2.822874033,1
419.751673,438.0912128,2.807381464,1
936.3569733,438.3095619,2.624055812,1
460.1123451,439.7888361,2.748280237,1
112.1019931,444.3618434,2.821347919,1
286.5852353,443.4131041,2.880598012,0
432.7389291,443.5894537,2.791001415,0
870.5204041,444.2331162,2.761159547,1
641.556791,446.5382287,3.05018312,1
805.4365167,446.1994528,2.575665877,1
345.8231526,448.2222558,3.037576211,1
878.5133721,447.2618029,2.995838936,0
247.0407398,450.291612,2.418423085,1
892.1436397,450.1608995,2.566833742,0
919.4128263,449.9558651,3.06627822,0
163.1441821,453.9190514,2.643326124,1
296.7138579,453.8383871,2.813543505,1
902.3995443,456.3178874,2.776984055,1
467.8378681,458.3111681,2.642255682,0
252.3663527,460.1139474,2.757009585,0
242.0500463,464.2464125,3.158873718,1
626.053014,465.86357,2.861035797,1
146.2972617,469.5588124,2.945623819,1
188.920166,469.5411846,2.467670403,0
778.5968688,469.0188831,2.843146454,0
814.8791766,470.7197782,2.811960753,1
255.4793383,472.1643202,2.620033807,1
452.3162329,471.467091,2.969544273,0
494.4382781,471.1596474,2.65873453,1
872.3359778,472.3029484,2.85038111,0
293.4792973,473.5360737,2.516241597,0
787.5728969,473.6998984,2.894473159,1
846.4524224,476.0867412,2.923947646,1
901.9778809,476.6542136,3.044699459,1
312.9592177,478.5602266,2.977719332,0
316.3030507,478.5264401,3.081239749,0
832.473765,478.7218077,2.86804204,0
294.522825,482.7504434,2.49588567,1
404.1427368,482.2231726,2.747122964,0
453.3548529,482.4683223,2.757601145,1
364.2843185,483.8881715,2.807302929,1
640.6628867,484.6472864,2.841644597,1
937.9255438,487.7237205,2.818811097,1
268.7196086,489.7614773,3.028726857,1
459.9499312,489.4412447,2.736931317,0
402.8919696,492.9611696,2.953023654,1
878.1053463,491.7632917,2.852724846,0
40.28790695,495.997052,2.971944859,0
97.85046947,498.1137017,2.880964917,1
895.7976288,502.3643625,2.89509957,1
975.8145199,502.1587445,3.146116577,0
364.5154011,503.5013265,2.908690734,0
879.9501993,503.633565,2.742767014,1
925.8465386,504.2014565,3.058832972,1
112.4452426,510.1535124,2.832037201,1
812.2353342,509.2542202,2.763439366,1
37.06205422,512.5798729,2.682835832,0
216.1332226,514.8371425,2.914814792,1
803.7386056,514.5268765,2.994253862,0
320.1174033,515.7913261,2.638899802,1
267.9851869,520.4813716,2.859184076,0
891.8037879,520.4340529,2.902167613,1
982.1045941,519.1366103,2.8443772,0
426.5276261,521.9852521,2.782738427,1
457.7709019,522.7717882,2.907389424,1
39.30357459,524.197166,2.919108745,1
298.5636845,523.8777773,2.971201201,1
871.9479752,524.6184463,2.508502397,0
911.3833521,523.2498375,2.72983256,1
496.0954448,525.1776181,2.780640656,0
349.1773221,527.4354798,2.643763455,1
381.4291774,528.2400601,3.057749629,0
549.739697,530.7369938,2.676164652,1
104.0022988,531.8182395,2.769167978,1
118.4484292,532.0651021,2.825098213,1
470.2584118,531.940704,2.875864887,1
766.9183125,532.4655161,2.921287108,0
875.5482796,532.2773135,3.139319335,0
130.0075234,533.3682516,2.890058043,0
573.4132928,534.4416882,2.591881765,0
812.3001108,533.9211033,2.646851886,0
251.4492747,535.9878764,2.783246477,1
264.2236446,536.084306,2.693551044,0
83.83390987,538.3094013,2.842693584,1
324.5374519,538.5944395,2.978206619,1
148.3179668,539.148348,2.870730405,0
271.6009522,539.2784812,2.945259722,0
460.6405957,540.6122116,3.170694224,0
492.4100765,539.9064373,2.827363701,1
67.8644356,542.4338176,2.440821985,0
249.3943314,542.1301503,2.697604253,1
838.6720134,541.746886,2.790903099,1
504.614712,544.189714,2.525750046,1
939.7885618,543.8354072,2.704222928,1
33.47702369,545.2057933,2.65689148,1
204.1513249,547.8792045,2.960353323,0
58.42191776,549.5626498,2.683907726,1
308.181902,549.7254334,2.726245108,0
470.3768295,549.0835161,2.935488303,1
538.3566255,549.002971,2.928403921,1
845.5637902,551.8000531,2.871876696,1
293.1537977,554.5315511,2.67499402,0
331.28256,553.3826257,3.076712858,1
508.0373078,554.508036,2.760495932,0
763.9140558,553.4517356,2.834573685,1
16.67445061,555.4730403,2.867933529,0
68.40160344,556.62899,2.860738304,0
247.2319394,555.8641462,2.68272912,1
579.9084093,556.475838,3.089245238,1
117.9489203,558.324662,2.850901044,1
832.8806745,557.4041879,2.695024227,1
912.5257449,557.4242582,2.89220666,1
302.2558369,559.4225485,3.077575926,1
491.5145213,562.1425306,2.908872101,0
51.69915675,566.6081915,2.610282575,0
131.8684543,565.6305587,2.727859296,1
267.0933272,565.8799617,2.694516792,1
849.902255,565.1377173,2.749779719,1
577.4060336,568.8725312,2.959218401,0
812.4176263,568.1841406,2.529952871,1
883.3148727,567.6994227,2.923026062,1
68.50840978,569.57018,3.000021467,1
55.80126508,572.6611658,2.757154788,0
104.1058621,571.6852004,2.916159455,1
386.146517,573.5223696,3.00517764,0
428.4448555,573.2155484,2.808860791,0
58.55623512,575.6457146,2.968230817,0
124.4514795,576.2776627,2.74682586,1
874.0516618,576.2537203,2.989307508,0
86.36112872,577.3815989,2.787494767,1
64.3688934,580.0976557,2.600337181,0
136.1662183,580.5709889,2.832611362,0
286.8953291,580.878182,2.832530686,0
80.01255796,582.2642279,2.994923997,0
235.9677838,581.4455859,3.059927345,0
433.4342648,581.4351255,2.625978387,0
58.68678637,583.7781374,2.728048028,1
834.0720463,583.5849873,2.771625308,0
61.8750682,585.996209,2.749645416,1
79.46790046,585.957518,2.963979338,0
186.0668671,585.9170953,2.817381986,0
65.99092978,588.1252892,2.680529295,1
106.0243857,589.6236851,2.816957985,1
841.3798934,589.8808449,2.686992254,1
528.207299,594.894917,2.951454814,0
819.7366034,594.6307432,2.914232203,0
304.1712154,595.9363964,2.720321047,1
300.9247682,597.7849378,2.718161648,1
295.8925989,599.8836391,2.680703227,1
947.6366144,600.6609166,2.769335934,1
511.8140522,603.9600063,2.687255284,1
969.6997889,607.4178114,3.05328134,1
261.953271,610.1648379,2.853775313,0
272.5760599,614.433404,2.816322944,0
795.3431786,617.7051749,2.820890059,1
289.3944988,619.794921,2.813171135,1
827.6336614,622.6632971,2.926440652,1
959.0981028,622.2663656,3.127963866,0
507.5169228,626.7351729,2.697404262,0
760.7935063,625.7290602,2.528289667,1
586.4413936,627.7030089,2.874160512,0
801.6012108,627.6404926,3.00654648,1
307.756789,632.3862066,2.947981732,0
767.8534068,632.7720382,2.975723971,0
862.3345641,633.9475083,2.824369733,0
480.2907076,635.8586574,2.625852067,0
558.1938598,636.7577946,2.967253327,1
808.9658576,636.7134764,2.928202944,1
724.1464453,642.2852486,3.041468545,0
845.911244,642.2752835,3.004564861,1
823.4088951,646.1138101,3.053577671,1
851.2003661,652.6252955,2.912347484,0
53.7669396,653.5636207,2.570954275,0
913.702941,653.7146701,2.806297464,1
81.54850717,655.8533993,2.624792373,0
116.1122519,655.3237214,2.65719101,1
129.3974923,657.6755859,2.889083091,1
832.0606442,666.7200189,2.903157231,0
199.3313358,667.4796538,2.703180155,1
670.6679859,670.1565932,2.989697319,1
175.3328972,672.0759652,2.963907217,0
234.3079555,673.8453363,2.945712834,1
323.4498074,23.61312418,3.152961234,1
369.2546409,23.68507621,3.594879255,0
356.1576304,27.6747199,3.219692052,0
578.7231404,28.65758062,3.397469574,1
173.2219758,31.0419219,4.139383871,1
219.8119619,31.00213799,3.479582814,0
343.366299,31.66652327,3.626979927,0
288.9943165,35.27046737,3.221185419,1
332.205583,35.5156117,3.424327838,0
631.1047684,35.36065465,3.417575636,1
267.5005185,39.61478505,3.938639412,1
319.1081069,39.69610697,3.343451762,0
398.7477409,39.72286595,3.276269232,0
307.6035042,43.51601534,3.474437318,0
356.2984412,43.5480123,3.662172971,1
476.3261501,44.1053477,3.701205981,1
640.6784981,43.26118709,3.643767635,0
730.5542584,44.59640428,3.121321691,0
292.5080104,47.74731064,3.293114948,0
331.668466,48.12639767,2.929981316,1
380.4852671,48.24527463,3.724619959,0
620.2288092,49.22604474,3.68566545,0
283.0747818,51.57583091,3.486011311,0
223.4920431,54.30797091,3.261315996,0
271.0565453,55.62651111,3.478560007,0
343.9990747,55.77101114,3.460501104,0
394.4983794,54.32711506,4.393164056,1
738.86631,55.86777523,3.679351989,1
965.0247379,59.98682234,3.619913819,1
159.9787385,64.76135215,3.709987683,0
244.9805632,64.18809252,3.868510582,0
408.0985339,63.76310356,3.843468372,0
945.9016703,63.36575628,3.77536991,0
284.1043393,67.80421287,3.469046904,1
385.6105902,68.65943531,3.659221147,0
220.3437945,72.22679987,4.189369878,0
207.9424142,75.84520217,3.419169692,0
940.8055028,77.82876385,4.041858913,0
144.4379662,80.33963581,3.505231799,1
184.4246407,83.63531491,3.379501619,0
580.4087495,84.1046576,3.686425203,1
175.8323578,87.66205058,3.205813989,0
146.9441871,95.89493177,3.389635853,0
122.5781073,103.5954572,3.521270452,0
206.5469265,102.9422338,3.788775665,0
184.8155793,108.4915285,3.593608422,0
95.68746104,111.6502798,3.614450266,0
880.2706385,113.947408,3.645517016,0
83.23358773,115.732812,3.361321703,0
22.94414331,119.2488297,3.463116687,1
71.75363831,119.3984288,3.376011612,0
589.7711023,118.889411,3.882939995,1
58.8826706,123.4008144,3.491422612,0
231.7358761,126.2994451,3.173493472,1
35.53514368,131.3516455,3.679035067,0
84.33100944,131.9022401,3.795973049,1
25.55297825,135.2856237,3.469411824,0
72.03476878,135.2017841,3.602538705,1
58.88705837,139.2112849,3.40104127,1
144.1585542,143.4303108,3.873267473,1
123.5602035,147.5108763,3.643619543,1
184.3511389,146.7679014,3.639890068,1
572.0047368,147.9203557,3.272162696,1
925.9635372,146.8220543,4.117075841,0
403.6363797,150.9093473,3.480379576,0
938.5852569,153.546314,3.880540773,1
236.3498419,158.612791,3.317962803,1
885.7697507,161.9744284,3.486143246,1
395.2286352,162.5521153,3.679470416,1
485.9216424,163.3756085,3.636371627,1
856.2843797,163.6342471,3.307878466,0
869.296447,163.3924781,3.967739813,0
186.1158763,166.6660959,3.796207427,1
525.5720167,167.9938053,3.29339353,0
584.356708,167.8591226,3.494833946,1
824.94593,168.5434006,3.164231977,0
568.2031154,173.0740457,3.169729196,1
479.2399619,175.8552187,3.50922259,0
459.9591905,180.2071157,3.563313861,0
699.9059902,178.6714605,3.24493208,1
831.0878352,181.1452192,2.870455395,1
558.7190464,184.4819218,3.146040897,0
187.1841137,187.1675692,3.616161081,1
850.2433496,187.5016746,3.505827441,0
924.8521652,188.4819564,3.658770892,0
455.3027196,192.693124,2.918338722,1
771.3544507,193.7839366,3.992937693,1
826.9230476,192.7885049,3.453080401,0
655.8540645,196.8664933,3.197405741,0
465.8363002,200.9697642,3.107894413,0
559.7312642,200.3715941,3.411920567,0
734.6844289,199.1002053,3.379250937,0
840.1849608,200.96302,3.94223616,1
693.5495502,204.1097398,3.933001698,1
885.840618,202.5226224,3.368749734,1
666.9944362,208.0659848,4.217396375,1
471.1362966,211.6155985,3.946534142,1
638.1551416,212.6582038,3.819500131,1
763.5695834,210.8139875,3.829247518,0
851.8062837,215.0616694,3.371173559,0
284.6667127,219.8397442,4.366539691,0
711.6368666,218.4789161,3.614417986,0
888.0775011,218.8477002,3.778176565,1
648.6153279,222.7383392,3.352657926,0
725.4346255,222.0155817,3.516534253,1
866.6134105,222.6766229,3.989376328,1
34.56734284,228.2288691,3.799993582,1
225.3166032,228.7390239,3.699081045,0
271.9394565,229.7277849,3.822300027,1
715.6387868,232.3565007,3.716986411,0
736.5672108,230.7745079,3.855305507,0
772.8412232,233.5520407,3.365404547,1
138.9534347,236.4106121,3.621909688,1
517.2254954,235.5690642,3.484483101,0
639.4326011,234.1964289,3.575584325,1
44.21918925,240.8870447,3.506007951,0
876.1418687,238.7474179,3.999470894,0
226.9820432,242.7214207,3.588277562,0
464.4542548,244.139407,3.745434213,1
672.435749,243.5542444,2.854326263,1
823.4766429,244.3724953,3.638715022,0
111.6373376,249.7108699,3.734363217,0
275.1960111,249.55298,4.017195857,1
640.6583918,248.9870406,2.899358206,1
771.8258029,248.5544896,3.692002063,0
236.5962685,252.6069586,3.435756583,1
420.3381415,253.5757879,4.195595627,1
831.2090879,250.8233128,3.498432669,0
635.1437311,259.1469119,3.048074959,0
582.3543138,262.1567232,3.81320862,1
732.3279017,266.0026114,3.02226476,1
955.7500361,267.3681614,3.54520975,1
92.60213981,271.9988761,3.871786851,0
423.1688676,271.6578125,3.751501245,0
664.4458468,275.8177983,3.712571829,0
304.0044895,280.4142017,3.700028925,1
432.3607566,279.8608635,3.891718555,0
616.8186964,278.0479072,3.865898785,0
703.0317468,281.5755924,3.283164842,1
805.4149588,281.4645158,3.521580958,0
582.371638,285.8372148,3.767180701,1
920.7086689,282.9088614,3.136920609,0
203.1280213,287.7932648,3.83641717,1
527.522886,286.8148688,4.373158447,1
295.5629337,291.055932,3.711911847,1
597.5613676,295.0439801,4.284407427,0
642.4303725,297.5763602,3.472556226,0
893.3244559,294.7875397,3.499098527,1
243.481047,300.9546521,3.426461044,1
440.0728842,298.9749894,3.720924417,1
836.1771945,302.2912971,3.662028077,0
288.5961056,306.8215553,3.968780254,1
393.4662387,307.978893,3.632282371,0
719.6075597,308.5997021,3.910179479,0
732.8270829,309.7008873,3.597508723,1
874.3885057,306.1933498,3.546193741,1
892.1409178,306.883866,3.824841187,1
202.8399526,310.0729838,4.290892791,1
352.8539681,313.8200875,3.333343196,1
422.8273634,311.5923669,3.753053886,1
884.0636989,317.1080704,3.349390134,0
561.4915843,321.0901999,3.539244213,1
586.4941435,321.3084121,3.82701994,1
723.3563085,318.6308369,3.753811138,0
754.6919623,318.2528018,3.824355162,0
855.4138135,318.0453615,3.462832989,0
172.0937024,324.2303015,3.971286587,1
216.7663866,323.4914686,3.58202497,0
837.5689245,323.4798669,3.620893643,0
256.5992678,328.2123215,3.707906071,0
408.9656409,329.3304215,3.924565047,1
631.5926881,329.1470414,3.984960164,1
283.9134595,333.4407692,3.664371244,1
781.0716106,332.1880217,3.515930348,0
223.8588216,335.9044202,3.878818647,1
869.6054105,337.1506064,3.561915123,0
167.9212561,339.3736101,3.751785742,0
235.4960773,338.1617315,3.786563227,0
398.9018816,340.1267657,3.777859061,0
620.569485,339.7976643,3.507787518,0
645.4000076,338.7654506,3.749685717,0
367.1346403,342.7067165,4.205440691,0
787.4646265,344.9615298,3.792764787,1
245.619973,346.1814657,3.050891976,1
810.5405728,352.5232372,3.741787295,0
840.1098387,351.6514956,3.804105334,0
275.5619034,359.9120046,3.422138347,0
600.1606412,358.9112099,3.646436233,0
622.7050932,359.4178334,4.125261604,0
244.5668675,364.5103282,3.702433307,1
257.3844032,364.3874295,3.720578825,0
665.4739719,363.7985843,3.730004081,1
675.4064647,364.7454464,4.160011371,1
55.43955543,368.3315983,2.877611081,0
141.4377808,366.1487976,3.108353436,1
610.8273536,368.1796358,3.447996054,1
737.789447,369.6050544,4.059025528,1
895.651784,367.0720072,3.806321492,1
78.88537809,371.1698002,3.855860845,0
283.1575775,371.6385648,4.167545389,1
116.0090908,375.738705,4.04054915,0
223.9394563,377.2954992,3.324800941,0
57.33330194,380.4497213,3.92900992,0
384.0236686,379.8235819,3.524548335,0
719.8067381,378.9763063,3.502871983,1
749.3264359,381.0725762,3.421694286,0
809.4827766,378.5838382,2.864597945,1
886.7593943,379.3330241,3.957247313,0
912.286483,379.2195068,3.798085643,1
231.7031372,382.9708013,3.087824668,1
456.3519239,384.9331905,3.75475528,0
608.0865486,382.2309349,3.707271311,0
736.9218211,385.9454364,3.35749954,0
929.3767832,384.7981734,3.864731211,0
951.4250927,385.0605264,3.192214321,1
429.1164447,387.9379915,3.64808732,0
367.7083764,392.667582,3.918727411,0
806.7064673,392.3701733,3.618888515,0
249.2431068,397.6712077,3.143619645,1
422.6685861,396.7027968,3.477970798,1
600.561028,395.6307568,3.953316061,1
875.8947865,394.5435666,3.617209693,0
224.9076836,401.2612149,3.840672756,0
406.9470117,400.1759742,3.818755041,0
470.6326112,400.0077379,3.575994137,0
555.4487749,400.3617205,4.233613187,0
914.8619102,399.870025,3.85822696,1
805.4325262,404.1271865,4.287416094,0
841.2119318,402.4803865,3.602710698,0
284.1953606,409.2596462,3.328911109,0
214.3956041,412.319986,4.053199721,1
297.1863743,413.2025157,3.693701281,1
498.2147707,411.5615735,3.528249028,0
95.1386094,415.2770378,3.558876154,1
129.4303035,415.1555243,3.697194623,1
70.97024134,419.5891153,3.998842568,1
370.6633351,420.2390683,3.764860202,0
387.8437505,420.4487862,3.661779986,1
464.1994948,419.6008038,3.661533513,1
524.0530221,418.9853691,3.971698235,0
802.3306792,420.9388347,4.256428551,1
92.64570212,424.4405078,3.849873459,1
180.1042082,424.0605196,3.730683479,1
634.3998276,426.8407199,4.115354936,0
673.6323151,432.1170104,3.515793952,0
192.9453335,437.7622782,3.305293422,1
795.9384237,436.3117203,4.147651446,0
888.3987093,436.8759289,4.276439416,1
64.88240263,439.2350956,4.218145274,0
912.3736245,439.5575286,3.511386063,1
288.0457044,443.3154925,3.492167421,0
632.5851005,444.0861905,4.010379885,1
663.7270237,445.4644475,3.580080503,1
345.4150231,449.9237413,3.376860993,1
444.0696593,452.8922205,3.557511198,1
919.7177659,452.7611988,3.745679981,0
164.9464604,455.2918615,3.128510642,1
294.4987183,456.1751132,3.46591816,1
854.6013527,456.2279471,3.728180632,0
903.6448079,457.0399832,3.269311382,1
149.4330124,461.1670436,3.474585187,1
460.4728434,460.0759784,4.012352024,1
823.4225583,460.2683928,3.780983367,0
936.6120487,458.0349702,3.797864704,1
106.4370422,464.2243855,4.097666568,1
241.7851235,464.6348052,3.460078598,1
311.4150958,464.687425,3.422472786,1
323.2361455,468.4908624,3.146544004,1
380.7234106,469.7407275,3.885769631,1
776.3677844,466.9553372,3.442528405,0
451.8128965,471.482804,3.370650194,0
847.2614335,474.8708112,4.041704263,1
903.2828271,475.3355474,3.571973079,1
124.5609139,478.7957896,3.597757932,1
314.3258593,478.760989,4.010667217,0
449.1113387,484.0878076,3.55284238,1
616.2038789,483.0902351,3.739130204,1
641.5405105,484.0751262,2.949063025,1
491.9483785,488.0245024,4.03978313,1
824.9647613,488.8957628,3.853840277,1
940.5536354,489.3246329,3.567028713,1
269.5742918,490.8628272,3.478078516,1
661.4195398,493.1465195,3.637939149,1
966.8379809,490.7777738,3.65821094,1
40.10626617,495.6835422,3.200341466,0
96.05617387,494.9296282,3.496211295,1
608.1362511,495.9610109,3.66510532,1
258.1774551,500.8178254,3.789723736,0
767.9084339,499.6241798,3.250976797,0
164.7178667,505.605689,4.04429971,1
480.9416224,504.6381426,3.877963603,0
586.6727233,503.554358,3.698491017,1
781.1136277,505.4911795,3.994914697,1
64.48623243,507.8020728,3.748788307,1
100.6528611,509.590405,4.294102784,0
461.8558169,509.3810813,3.858552638,0
868.0665826,507.6230275,3.664052386,0
215.4330194,513.8822079,3.45920408,1
264.676344,511.7135961,3.578870278,1
492.8920954,512.4657507,3.795629847,1
671.3815224,510.7861598,3.905383434,1
828.9824631,511.0250727,4.320688616,0
289.347253,515.6766905,3.933268075,0
802.5658632,514.433498,3.732129059,0
87.50330422,519.4636379,3.968575932,1
236.2071653,520.4611558,3.108938012,1
582.6417121,518.7017045,3.600940089,0
943.2318912,519.701997,3.700237507,1
40.32794667,524.0718661,3.618285371,1
300.2032545,525.7956149,3.544507081,1
456.2525601,523.6632836,3.687126472,1
496.1591136,524.5272337,3.286803801,0
347.8519639,529.0173988,3.280219315,1
380.4882868,527.0279231,4.003965405,0
795.2570577,526.6768757,3.635187589,1
841.1247165,527.350246,3.990909593,0
859.6417375,527.3726261,3.495937922,1
51.56480068,531.5068531,3.157931737,0
628.0218875,530.9106776,3.681167322,1
875.6712852,531.3352987,3.764311814,0
907.5383088,533.5186905,3.13503866,0
271.3560505,539.4670592,3.501577492,0
460.2187852,541.7926233,3.947008835,0
850.0775762,538.3149513,3.157566966,0
239.0142497,545.788245,4.009562431,0
285.3941058,543.0147315,3.750607468,1
511.0634267,543.6124813,3.309623355,1
524.3150999,544.9158143,3.854582116,0
925.3069736,543.669517,3.063778975,1
39.6279038,547.4318293,3.426349836,1
59.85748214,548.3314457,3.393064527,1
128.4147773,546.471691,3.032885483,0
202.5568631,548.2725774,3.68313956,0
471.8568534,547.2330926,3.465442638,1
538.8973342,548.0906189,3.139911305,1
829.2309561,546.298383,3.640357785,0
903.9921663,547.8758894,3.526814407,0
78.75333981,550.1435445,3.039174717,1
140.7989023,551.3646988,3.55875015,1
69.82685534,556.6143982,2.922520589,0
272.03135,555.374455,3.503634803,0
762.2809118,555.9664029,3.800326088,1
302.6330102,561.2347784,3.461457557,1
516.9815271,560.1589424,3.7191196,1
655.0842727,559.6232745,3.518750154,0
913.3689962,558.4872857,2.823763068,1
523.499685,562.5098737,3.949146523,1
879.3772219,562.9142409,3.418263711,1
939.8040177,562.0633679,3.668438355,1
68.09114152,568.3427099,3.372815765,1
107.1683216,567.788813,3.511912566,1
443.4223262,569.8870002,3.198732476,1
856.094387,573.0866385,3.891533974,0
907.8446013,572.9566428,3.722699584,0
46.98006027,575.0065189,3.453973002,1
87.56373518,575.9766005,3.407461865,1
443.6821438,574.0771556,3.208272784,1
874.2251891,574.9896545,3.145945253,0
99.52885435,580.4943467,3.628661981,0
139.5176771,578.7800658,3.551968354,0
268.6714819,578.7312014,3.623582998,0
807.2993756,581.4132736,3.563043552,0
890.4418,579.9487275,4.036267455,1
360.1481458,584.7479063,3.638276803,1
936.7012439,584.3262379,3.301008275,1
43.48963734,586.6075727,3.40192922,0
187.5905814,587.2143643,3.457770661,0
337.263918,587.3701774,2.966098423,1
447.9745684,586.4757272,3.954848857,1
485.3810717,586.5717473,4.289586935,1
203.4124202,591.7588472,3.391039481,0
351.1846663,593.2244121,3.533767647,0
840.7476289,591.7500845,3.738709133,1
856.2385177,593.5708061,3.716871972,0
148.0129422,596.8224086,3.657694864,0
323.9931363,596.2705321,3.933157786,0
529.0234697,596.4220244,3.453375665,0
819.5018744,596.1781331,3.368277207,0
475.2741107,598.1091238,3.823427754,0
280.4333139,603.9061686,3.668903111,1
254.4822162,607.8248948,3.880773739,0
776.5213153,608.4011462,3.541938129,0
586.7022428,627.9679696,3.216113909,0
816.7222557,629.0520138,3.366729484,0
359.8225727,633.7414968,3.689329994,1
538.8543946,631.6641494,3.925931206,0
768.4024084,632.4448737,3.209368998,0
973.239763,632.8763768,3.686983939,1
494.3941022,637.14143,3.879381176,0
711.4431058,635.9234082,3.515813866,1
754.0029271,635.3495235,3.984291126,0
63.08874004,644.200684,3.142459016,1
846.3451912,643.327661,3.702463431,1
732.8048351,651.546139,3.373482334,1
79.88292546,655.0471712,3.406359867,0
128.4165387,655.4358944,3.346058157,1
199.3844938,664.9026217,4.045472177,1
133.2026052,667.0193496,3.520989659,0
832.182236,667.9348726,3.393814928,0
175.1763317,672.1915176,3.385110271,0
234.5058302,672.2112659,3.401008111,1
439.5544989,33.36829382,5.301518866,0
239.054526,35.90258531,5.779903046,1
919.9921392,35.77100317,4.934183939,0
411.4755527,40.6195563,5.013602091,0
510.9602579,38.90824402,5.088817171,1
236.2393276,43.85642631,4.627930104,1
422.3179427,47.38888095,4.954021484,1
908.142529,50.60884802,5.136078123,1
494.2949236,56.84572114,5.357196373,0
931.3947474,57.39140165,4.735839303,1
207.9620932,59.57185907,5.004321926,1
306.9623982,64.39638172,5.583782183,1
299.1582723,67.33305353,5.34778345,1
198.1048252,75.93990167,5.34921316,0
260.6571745,80.0683704,5.84067236,1
344.5666815,78.7822222,5.302269837,0
407.1388745,81.63955768,4.991419652,1
124.1661104,83.32410232,5.446848787,1
912.6985998,83.971963,5.16626529,0
959.096173,83.73292415,5.373326826,1
159.3925999,87.76962357,5.300854454,0
580.2423044,91.17621884,5.349926107,1
230.9563415,96.65172176,5.031301196,0
74.78940576,99.84500566,5.458828142,1
623.8041557,98.34122319,5.253073938,0
243.3584131,111.5037457,5.458005245,1
561.1653324,115.7194014,4.435632925,1
612.7378443,114.6766277,5.236723638,1
751.4622542,124.6840845,5.843311702,0
108.0593528,127.1005683,4.935904473,1
94.38671115,132.3218742,5.209269248,1
575.6832011,130.0976923,4.841116823,0
948.6103889,131.5282803,5.244290111,0
627.2273843,139.9417476,5.418934048,0
592.3505047,153.9879965,4.700891839,0
168.9886482,156.1310899,5.307178597,0
197.3511426,156.0518427,4.806109901,0
512.7185552,154.6844309,4.79785074,1
826.977003,154.287748,5.15017967,1
848.4723162,166.677915,5.615692562,0
951.4415674,166.9098524,5.206692656,0
590.3727777,172.0872664,5.198543793,1
815.0588017,172.7376983,5.570442655,0
215.2451576,175.2894988,4.900026906,1
487.3469515,179.8727223,5.527310745,0
543.0528616,181.040209,5.390653394,1
786.5750978,180.4052439,5.631868535,0
619.1641028,184.8745011,5.017664533,1
504.6700123,188.7124129,5.356398432,1
596.783109,187.364871,5.182242157,1
704.8921738,192.4602994,5.804261498,0
872.041936,190.660325,4.890750582,0
820.3081573,196.8238392,5.241938732,0
650.0593497,202.7118878,5.481101061,0
235.6222943,206.2995876,5.692878213,1
575.1512311,207.6446677,5.105241613,1
596.6411167,207.5314493,5.03628165,0
625.2867052,206.1828922,5.088197299,0
737.20202,207.2453744,4.828678355,0
837.6767109,206.4510465,5.126165678,1
190.8873891,212.577424,5.488052621,1
743.8065931,213.2536715,5.294928732,0
132.7229594,220.1957209,5.632536607,0
250.9469813,220.3150051,5.151595944,0
609.4526145,220.9684468,4.688077663,1
694.0274644,229.9869133,5.67884589,1
386.4160702,235.9483315,5.253212859,1
839.9431912,235.7328403,5.663327643,1
435.3147531,239.7843409,5.612767708,0
329.0605322,252.4760565,5.577270889,1
858.3736054,254.3319786,5.375358578,0
599.6028992,269.5941055,5.557841729,0
664.3251817,269.0703847,5.848431799,0
560.5378702,271.2532709,5.058180838,0
639.74502,273.5059287,4.422558473,0
895.8070351,271.1895472,5.398247197,1
93.4854728,278.3203999,5.625969177,0
748.3825185,278.6945929,5.427919844,0
679.5351899,284.3473147,5.028845122,1
961.0349967,285.3752514,5.594888301,0
630.0026794,289.3148746,5.212031252,1
654.0485339,286.4463515,4.480220441,1
124.5582959,300.822794,5.611888514,1
311.0876095,300.5306857,5.149205941,0
695.3842154,298.2661094,5.28985938,0
372.281565,302.6388193,4.93283493,0
748.8807455,302.3375928,4.541600468,0
94.32261916,307.3839489,5.674736967,1
307.8828363,306.660401,5.12943201,0
668.1653465,308.995408,5.477907988,0
467.4677101,310.3674682,5.141815854,0
487.6891114,312.5051241,4.886853336,1
620.0176842,312.5856752,4.977574216,0
821.1979944,311.5707031,5.206604396,1
303.5171007,315.600467,5.098989916,0
644.2816536,314.7491462,5.075084715,0
112.0983335,319.5711864,4.434304029,0
448.6537589,320.6724329,5.405396131,1
188.6917756,323.3105176,5.078749794,0
414.0935016,324.9304895,5.696555246,1
659.6714146,327.5335871,4.598640646,1
683.7490993,326.7485491,5.006878535,1
971.2066849,329.3502296,5.384784855,1
320.0325363,331.8924191,5.510059612,1
530.0526198,330.3380528,5.41293877,1
39.83340638,335.7620891,5.095395557,1
671.8359864,343.7475381,5.112465137,0
303.5524195,347.1450637,5.892218818,0
570.9210579,346.7997991,5.35636117,0
699.535294,355.910164,5.822500141,0
767.2667899,355.2507313,4.982117836,1
757.2685384,368.7251553,4.66170166,0
396.3529744,370.9377981,5.240399962,0
712.1325264,372.2270446,4.91384418,1
968.6543716,379.7813532,5.128201015,0
208.0542924,385.4373631,5.698109839,1
667.9728309,390.6362682,4.764316678,0
143.9590921,399.1539281,4.874420834,1
449.6026986,401.4360431,5.196274816,1
931.8417848,401.319922,5.487997124,1
243.2017878,407.2928531,5.293146963,1
264.3416909,407.0379722,4.720957235,0
545.2739352,414.8684879,4.660201467,1
295.7631725,420.5652512,5.649208728,1
153.1214757,424.7638737,5.030622403,1
199.9003701,424.6698719,4.752682192,0
871.651252,424.1497048,5.591049934,0
27.40802475,427.3078997,5.101776967,1
219.5725053,433.5418661,5.160240302,1
416.0692466,431.3977274,5.075391094,1
844.6270432,431.1169431,5.613716129,0
116.4262453,437.1834827,5.239997751,1
464.7614614,434.8644455,5.512639296,1
561.7704694,434.2471812,5.193532569,1
500.4592417,447.8476953,5.17365453,1
811.9055409,447.3133455,4.997463023,1
324.1457488,450.4281892,5.328175992,0
838.4204449,451.6809583,4.600692194,1
82.40437118,455.9344122,5.075015251,1
967.9818083,454.2396557,5.246925798,1
439.9086518,459.389661,5.341854881,1
774.8752472,459.683774,5.059378578,0
36.85784888,476.460888,5.779865503,1
400.6320304,476.3571819,5.378587341,0
200.2946449,481.7207818,5.161510093,1
231.3586489,485.2425179,5.626393092,0
357.508073,486.7996759,5.397739494,1
376.9421017,486.6800432,5.240035747,0
575.2284435,486.7056111,4.889672904,0
183.5520083,493.854725,5.110313361,1
252.0029387,492.2740412,5.0811585,1
418.5798318,497.4307088,5.126791412,0
396.7217261,500.7032447,5.501198604,1
200.2702679,504.7245821,5.098487149,0
370.3363031,504.0473333,5.369362505,0
240.8061414,513.7659941,4.905270724,1
850.8068665,511.436275,5.000998277,1
413.0360242,514.063352,5.514326335,0
211.040936,521.5207538,5.700921488,1
72.22134388,524.5931775,5.491764789,0
516.1592159,525.5418119,5.385410351,1
140.3499711,526.7516302,4.609686801,1
604.9339949,526.8507128,4.646792594,1
302.6948146,532.9615235,5.538818195,1
660.7513372,532.365833,5.018370099,1
155.3330087,534.7051461,4.858197788,0
226.7644501,534.9413441,4.988609969,1
475.143306,536.8336187,5.492536366,1
796.1655386,535.0315154,5.243519592,1
935.1346632,535.5356888,4.826861166,1
48.45718708,538.9279756,4.457540243,0
495.6491218,545.0256255,4.97910524,1
547.9900039,542.7385014,5.476574073,1
864.9273643,545.1345699,5.382853311,1
255.4350941,549.6062942,5.431967208,1
776.3952645,547.9488971,5.281944004,0
315.0632785,551.1760579,5.122533116,0
723.4625493,552.4539507,4.500831614,1
484.0869849,562.6831672,5.851866568,0
281.8681739,566.6974145,5.255313853,1
301.5257006,567.1993936,5.246291816,1
388.9443255,566.9179819,5.591360402,0
829.8022454,567.1793384,5.116725431,1
148.0621167,572.176268,5.118690327,0
548.4668967,571.2198612,5.0064149,1
575.4974234,573.1280114,5.223270767,0
965.378347,577.0458789,5.130551193,1
120.5697114,588.6331354,5.335916516,1
234.4577078,587.0302161,5.758265515,0
288.6743106,587.4624223,5.132040484,0
60.91041566,592.8659174,5.180896723,1
879.0416445,593.6257746,4.992158026,0
70.73547502,596.5278469,4.946085218,1
259.5700128,595.5173173,5.691391494,1
500.4251928,596.182926,4.870708747,0
801.0938745,595.0092049,4.97053456,0
939.9901571,600.9342647,5.354670618,1
961.3040766,601.269491,5.346616799,1
192.4953706,604.8471626,4.719595184,1
345.3865407,607.1537666,5.536603851,1
363.2687909,616.3939726,5.176742392,0
793.2288846,620.2170725,5.349962132,1
829.5401798,632.0772495,5.374762693,0
559.2960092,636.3348496,4.984995494,1
184.8107927,647.8428481,5.590631375,0
828.4808538,651.2627273,5.416079925,1
709.750105,664.2309598,5.27181013,1
902.3504166,50.04507395,7.159977131,1
255.4388951,55.62508328,6.391324978,0
928.767326,56.563745,6.575229695,1
175.3168727,65.13145195,7.262940604,1
316.9823121,64.35962044,6.838876891,1
222.5110776,70.87357021,5.367300029,0
263.6746949,80.16260219,7.054371384,1
342.4340448,79.24516771,6.965249418,0
150.8306156,88.62101775,8.013092411,0
405.2783498,86.30027377,6.305675105,1
960.7601705,88.10160169,6.227902791,1
76.33161591,95.41336386,6.476891607,1
622.1656622,94.17875193,5.715485935,0
41.54999347,102.6711178,6.722534995,1
606.9704472,113.6579293,7.159068609,1
638.6320249,118.3653626,7.095199675,1
626.59736,143.1803635,6.155714983,0
831.9574477,146.5744938,6.732454938,1
790.639444,154.3525683,7.566915355,1
456.0035007,159.9452318,6.700840489,1
745.2256433,159.3238123,6.771053391,1
231.7479404,178.0199106,6.885829097,0
664.6007145,175.2025295,7.376287156,1
540.7437104,184.769416,6.65008128,1
506.2652363,193.3913004,6.574075013,1
703.5984024,193.4409827,7.04005165,0
815.954851,198.9333683,6.156566611,0
233.3130086,205.3734595,7.054974689,1
443.0948454,206.8930539,7.122023989,1
744.8548071,218.55339,6.478307272,0
129.8649401,221.8732034,6.836292947,0
168.8974879,222.5054861,8.0397113,0
517.8162622,222.4197946,7.17362804,0
761.6261246,230.9708653,5.862841518,1
437.5647278,239.6317252,6.15879359,0
50.82214506,249.7427213,7.331753931,0
288.1765727,266.5117496,6.492972199,0
708.5465621,263.3062169,7.586102068,0
761.9719997,263.4414132,6.130146208,1
95.3852261,279.1691266,6.581100765,0
207.8981821,281.5800321,6.815576306,1
327.9277684,280.8592387,6.535296112,0
409.5987075,289.2704397,7.139908894,1
679.9731423,284.6518855,6.091719924,1
959.8957729,285.5569875,5.306839567,0
348.6861946,297.7486941,7.041427945,1
153.0665868,304.8594146,7.216701271,0
303.4195674,305.9071012,6.415138239,0
513.1610121,308.8930551,7.667973328,0
749.9851546,312.9949077,7.060679542,0
229.8541633,320.2105464,6.292758899,0
448.6015586,316.8757314,7.175392846,1
166.1503196,326.2711039,5.343505969,1
320.6987993,328.404804,6.598555398,1
488.7867815,332.6471382,7.175665294,1
878.6567703,344.3443067,8.37907951,0
806.688738,352.9896068,6.296860851,0
189.7996967,361.8702199,6.673897392,0
261.8736233,358.5985132,7.24106068,0
417.4310557,358.252039,7.230665796,1
454.3448426,359.2601056,7.371539321,1
239.3437279,369.3087635,7.158277087,1
393.6401887,368.8081225,6.052505951,0
676.4507494,367.4264817,6.62605606,1
321.3714149,372.0333519,7.466655026,1
759.735207,377.9202296,6.384769472,0
125.6577441,383.149674,6.644849937,0
208.1970683,382.8045017,7.26465215,1
279.5993749,381.6343108,6.941247321,1
493.4586444,384.3340714,6.993006129,1
876.6874764,384.676737,6.747159407,0
302.8824688,394.3367554,7.231444992,0
799.2070635,399.5761191,6.929345848,0
168.8993885,407.3776071,7.40078074,0
663.3592875,415.0179121,7.39410776,1
824.9652047,415.4290553,7.289130432,1
78.19642338,423.5609243,7.196729037,1
294.7851011,421.3205813,6.570881981,1
417.6269048,423.866784,6.351797319,1
489.7302158,425.1917978,5.915895537,0
862.1202569,424.5655242,7.417493887,0
389.7264649,431.9899306,7.551367603,1
847.7729106,431.0653222,7.036357136,0
789.3280376,439.6752558,6.859398761,0
607.3712003,447.6064712,7.382579814,0
279.9456193,462.042681,7.025252821,1
581.8895213,464.5944942,6.229174656,1
425.7652898,470.2693046,6.717722087,1
480.1401595,471.1325935,7.884730177,0
900.3115316,471.4097858,5.330297224,1
599.8648621,481.7309803,6.828382189,0
135.1258018,487.5519787,6.942885485,1
230.6878242,491.4060988,7.624644404,0
301.8391856,496.5562405,6.528945658,1
949.9942353,493.8027998,6.855981663,1
62.5248644,510.0314491,7.601079725,1
415.4905496,509.975716,7.557800228,0
441.2115041,512.8377424,6.805946164,1
874.1636317,527.7216195,5.943902736,0
301.0600861,536.6318691,7.027412396,1
473.6349946,535.0843698,6.311179862,1
111.256099,542.463399,6.996705808,1
334.3432732,544.2755695,7.676560988,1
776.5142088,543.9954213,6.624689524,0
863.6406286,546.6657534,6.406179276,1
367.5101112,549.1475339,7.997400294,1
427.0973596,563.6334967,7.128673668,0
486.3710972,561.734454,6.888484439,0
792.6886813,561.3630407,6.962257647,1
215.2108224,567.050028,7.251321288,1
343.340698,570.4669014,7.092529214,0
391.7948374,567.58508,6.951210208,0
37.29523914,574.5080037,7.783025137,1
889.128422,575.0415275,7.101228474,1
231.763284,587.0731558,6.649163907,0
285.1161213,583.7560414,6.475514324,0
121.0451673,591.1912894,7.152012215,1
263.456766,599.7775297,6.863676199,1
344.7847419,605.6956121,5.392794533,1
509.1700547,616.0639523,7.866237915,1
452.9759381,639.9805209,6.565996839,0
98.05036776,78.80527018,9.841550915,1
864.7402789,115.3729045,11.00523067,0
107.3059231,121.465076,10.29965185,0
908.8346996,121.5302113,10.13490573,1
246.2935936,124.4382832,10.6685949,1
763.8491575,129.9464042,10.37129652,0
126.0764357,135.7698553,9.707789697,1
684.3087108,143.5063586,9.227538067,0
73.41964869,152.6943488,9.538413419,1
720.868319,170.0951149,10.3935977,1
610.0708049,175.2562216,9.904288771,1
641.4900519,206.8497324,10.66901834,0
574.8198863,223.3952834,10.18679072,1
678.710902,225.6771839,9.846058247,1
201.7554172,249.3894991,10.0691916,1
440.7530276,271.3408882,10.01179303,0
415.5393684,303.0648039,10.95374531,1
703.1984952,302.5800799,10.38636785,0
343.7917091,312.7084433,10.7476906,1
795.4060436,312.5097898,10.8631749,0
704.0848129,349.3155115,10.20783424,0
559.946523,385.5146776,10.01826047,0
467.9348722,389.6518032,9.540293784,0
914.8126902,389.5519534,11.14695837,1
182.1802095,406.9360196,10.66304187,0
447.7487962,419.3979272,9.919100307,1
244.947687,422.9105941,10.03752356,1
641.7847286,458.0462478,8.677280277,1
205.8233029,465.5963274,10.01118819,1
83.56518727,472.2755845,9.072751588,1
348.543334,472.1881888,11.30048006,1
438.8270118,471.1262363,10.23567402,1
680.0665475,472.8379025,11.0570176,0
846.9387407,489.3183313,10.48409987,1
97.20357185,501.8235635,10.31955825,0
137.1852233,502.5248112,10.1615904,1
368.575078,511.4538834,9.065581801,0
657.0247369,512.3555914,9.915608671,1
697.4836006,528.5090387,10.02629571,0
824.9408136,526.0942784,10.32808138,0
209.4595025,534.1578042,9.787996053,1
391.1620188,536.8449715,10.14372777,1
609.5826452,541.2374505,9.852710106,1
547.8209925,560.563058,10.48110103,1
671.2505285,558.791319,10.972172,1
747.421886,563.4598275,10.28659012,1
872.9725185,557.9075917,10.79142826,1
80.45067773,565.2997811,10.5840332,0
368.6693648,593.0057836,10.96975582,1
300.3040025,607.6031121,9.905228298,1
823.4171465,607.3470172,9.954686879,0
465.1459787,617.6815408,11.04127548,1
560.8430874,617.2195761,11.16279213,1
745.1837284,638.139485,9.704776063,0
208.8844217,92.88562146,14.32873794,0
861.0505617,110.6998463,14.83757209,0
178.7908629,129.8556999,12.55371145,1
530.1384181,127.327334,12.3083338,1
413.4496325,158.5410174,13.64436215,1
723.4692387,165.53314,13.18712627,1
808.5401316,179.6058305,12.83930074,0
642.9615716,204.649182,12.79186341,0
843.133889,222.7735607,13.8340258,1
378.1986139,268.0571617,15.92024459,0
418.0012156,306.3608113,13.25982293,1
534.4564944,306.730123,13.67278792,0
383.5728092,339.2260754,11.57798806,0
574.7243671,339.9722102,12.73322975,1
341.1099269,365.2898047,14.17643932,1
915.2170531,387.9244532,14.36761908,1
181.6965025,403.8490687,13.51171324,0
385.3145204,398.8428564,14.98149379,0
573.5286327,431.8965747,13.83920121,1
191.5997718,460.0698465,12.94839808,1
531.0061648,468.5704058,13.74993099,1
684.6887809,466.32654,14.53919364,0
351.3631568,475.077463,13.08495738,1
277.523143,496.8971724,12.45065157,1
570.5757628,516.3542044,13.38665101,0
452.9681975,528.7839387,13.55456188,1
703.3203004,523.1133647,12.92584974,0
379.52966,543.1424043,14.7101117,1
543.9172635,561.447314,13.06695407,1
670.407256,562.2893348,12.50708142,1
286.8096416,596.042055,16.04006078,1
371.0527923,595.8649031,15.93144052,1
470.8492543,611.9733861,15.17558834,1
270.6757699,113.8876638,19.86466025,1
570.8533472,242.3354123,21.66927508,1
216.5700261,263.2042045,19.29453683,1
254.8399183,423.2368021,19.43390908,1
322.2041222,418.4960106,19.13522768,0
640.3088579,416.5516655,17.67326796,1
434.4858061,436.3832123,19.92708754,1
814.1748455,467.7168371,19.71911463,1
571.2942369,240.9756041,22.41832387,1
659.2747214,310.9759485,31.11451856,0
744.2970378,423.5837392,22.55287379,0
704.7303567,487.7614794,23.47473977,0
349.0283323,248.506887,39.40998843,0
